gene_id,gene_name,log(fit_beta),log(fit_gamma)
ENSG00000049249,TNFRSF9,0.21910671938952694,-1.0455758151792196
ENSG00000284716,AL034417.3,-0.4377883236478468,-1.0495864574823814
ENSG00000142798,HSPG2,0.8767222481358073,-0.9701639723015396
ENSG00000020633,RUNX3,-1.1840074642220682,-0.7459824383603936
ENSG00000142748,FCN3,2.9764307721736403,-1.4995648129869157
ENSG00000121769,FABP3,1.616254645710243,-0.7947932000970793
ENSG00000084636,COL16A1,1.4299630025520111,-1.2670600896791762
ENSG00000119535,CSF3R,-1.3901084166733708,-1.0726518710749158
ENSG00000117461,PIK3R3,-1.8637787003414907,-1.1882917028795803
ENSG00000132122,SPATA6,-0.4909137259757135,-1.0213488991256394
ENSG00000203963,C1orf141,0.7352949590984798,-0.3796752683320753
ENSG00000178965,ERICH3,0.5568486818129255,-0.7419511784056254
ENSG00000137962,ARHGAP29,0.4229424585989031,-0.9907503130753098
ENSG00000117525,F3,0.5290412424037946,-0.9634286705676942
ENSG00000179902,C1orf194,4.133558880711493,-0.3338378121922689
ENSG00000134242,PTPN22,-1.79713400360632,-0.9569315585188968
ENSG00000155761,SPAG17,-0.602899783938085,-0.8234326479951191
ENSG00000196754,S100A2,3.6583602520089484,0.1929677421594044
ENSG00000158764,ITLN2,3.994978667317554,0.7356975346750949
ENSG00000186517,ARHGAP30,-0.5327315929210135,-1.2458463028785862
ENSG00000203747,FCGR3A,3.350888798886549,-0.5803113238845766
ENSG00000198574,SH2D1B,-0.9516701963605873,-1.4537839840668518
ENSG00000198821,CD247,-0.2982197008890914,0.03977222999783931
ENSG00000143196,DPT,3.020821955325704,0.9241469498765482
ENSG00000188404,SELL,1.6013041276547413,-0.46024226505399396
ENSG00000116679,IVNS1ABP,-0.21305935796439104,-1.0876694696470468
ENSG00000073756,PTGS2,3.1985983601506383,-0.6315892897303449
ENSG00000159176,CSRP1,2.9825844889340414,-0.8598735458902163
ENSG00000133056,PIK3C2B,-1.1417604664122318,-1.1262309552133662
ENSG00000196188,CTSE,3.2553913185498478,0.10860313410139837
ENSG00000136634,IL10,3.042742849022874,-0.4750772858457525
ENSG00000162894,FCMR,1.0688886352795381,-0.8702997763525758
ENSG00000196878,LAMB3,0.8215448278368674,-0.9001677534070492
ENSG00000117595,IRF6,1.677784295121152,-1.0748641578910374
ENSG00000116962,NID1,-1.0421347264720004,-0.8631709472796626
ENSG00000187608,ISG15,2.8856833311923173,-0.7994403289265638
ENSG00000285945,AC242022.2,-1.770308972827657,-2.5497869488922005
ENSG00000028137,TNFRSF1B,-0.3388120445454816,-1.5740501311463764
ENSG00000158825,CDA,1.1854380205944208,-0.8186143807655506
ENSG00000162551,ALPL,0.010373004542763098,-0.9054769700571396
ENSG00000142765,SYTL1,1.7345010527169302,-0.8287055858167081
ENSG00000182866,LCK,0.6351690389588167,-1.0009057155883931
ENSG00000092850,TEKT2,3.0923349968658185,-0.7691498629718971
ENSG00000163879,DNALI1,3.4510892688246586,-0.6990927766620526
ENSG00000127603,MACF1,-1.9318835319518304,-1.4110477020759438
ENSG00000186973,FAM183A,1.834329368658102,-0.933229162762884
ENSG00000066056,TIE1,-0.015450008473739915,-1.914667052318236
ENSG00000117472,TSPAN1,1.8752518183766558,-1.54755153698085
ENSG00000142973,CYP4B1,2.838179409259143,-0.6400235067953476
ENSG00000186160,CYP4Z1,-0.8767724765067041,-1.0751931994295472
ENSG00000162409,PRKAA2,0.30406664857374416,-0.971100682213132
ENSG00000081985,IL12RB2,-1.5368932967220752,-1.9181356919409027
ENSG00000162614,NEXN,-0.6641320522874766,-2.032522193506412
ENSG00000117114,ADGRL2,-1.3422598619863897,-0.99507046101046
ENSG00000064886,CHI3L2,1.8848697815757205,-0.644605991773774
ENSG00000143079,CTTNBP2NL,-1.5032629023607855,-1.3030831806972971
ENSG00000116824,CD2,1.7050215580393606,-0.38856129618217095
ENSG00000160838,LRRC71,2.709473940671966,-0.9335521368465284
ENSG00000163563,MNDA,1.8807962041459083,-0.7149596491724465
ENSG00000224259,LINC01133,0.4875540206825227,-0.3542479560409898
ENSG00000026751,SLAMF7,-0.9720446084326959,-1.049124818926911
ENSG00000162733,DDR2,-1.1882320505171515,-1.708829100667555
ENSG00000143184,XCL1,3.788175660182976,-0.7767104200687716
ENSG00000094963,FMO2,2.2368901352944057,0.398818306305922
ENSG00000116161,CACYBP,1.6532052355656162,-1.2068152345672558
ENSG00000116191,RALGPS2,-2.3732801242101704,-2.3217403381502058
ENSG00000135862,LAMC1,-1.1616860901988355,-0.9404412167655896
ENSG00000116667,C1orf21,-0.9139576180780882,-0.8299087358246772
ENSG00000116690,PRG4,4.20481753337883,0.9469385483452218
ENSG00000127074,RGS13,1.0780688824430578,-1.4931076034843305
ENSG00000116741,RGS2,3.443148596169641,-0.7003048608651534
ENSG00000000971,CFH,1.1902220525982643,-0.8528395386265403
ENSG00000188783,PRELP,3.2338457367364883,-0.04983662093913787
ENSG00000122188,LAX1,-0.003130418709255137,-0.985344839771508
ENSG00000263961,RHEX,-1.5304542163465171,-2.416036215078996
ENSG00000230937,MIR205HG,-1.1979613601067711,-0.8860886618536445
ENSG00000117594,HSD11B1,1.708372549923519,-0.5027274465614406
ENSG00000009790,TRAF3IP3,-0.3856649951815124,-0.9000755403345244
ENSG00000186205,MARC1,-0.012893761804586429,-0.96468832743639
ENSG00000162711,NLRP3,-0.04117258953541412,0.014200681823752372
ENSG00000134460,IL2RA,-0.8498591502219192,-1.0369765003152347
ENSG00000225383,SFTA1P,0.2217303198145044,-2.2782990056470167
ENSG00000148488,ST8SIA6,-2.675678170633525,-2.741122684297657
ENSG00000107890,ANKRD26,-0.4250776289898428,-0.9000513181914154
ENSG00000276850,AC245041.2,-0.5702054615069767,-1.424308003053822
ENSG00000182010,RTKN2,-0.4247869871205002,-0.11178132434494943
ENSG00000122877,EGR2,2.5074041760293184,-0.977491829099596
ENSG00000180644,PRF1,2.744902852556289,-0.3320376881293329
ENSG00000107742,SPOCK2,3.1859399635285284,-0.8148808169209041
ENSG00000156042,CFAP70,-0.026609067801215504,-0.8463916140254263
ENSG00000133661,SFTPD,4.760423954905372,0.8533614254262469
ENSG00000151224,MAT1A,2.252913039773329,-0.334057490895445
ENSG00000107796,ACTA2,2.502746220362485,-1.4569812698737987
ENSG00000148677,ANKRD1,0.6667138053087626,0.705255600039856
ENSG00000095637,SORBS1,-2.126069139292764,-1.2717253829734445
ENSG00000107566,ERLIN1,-0.40520371622658496,-1.2952186936352572
ENSG00000197748,CFAP43,-1.3616379048859986,-1.7533421244774654
ENSG00000148841,ITPRIP,-0.7817560683042769,-1.1991460895063395
ENSG00000165813,CCDC186,0.40448749038357096,-1.2379345475228802
ENSG00000182022,CHST15,-0.781645310085188,-1.1451627921834404
ENSG00000171811,CFAP46,0.11314638873813054,-1.2149248361537368
ENSG00000151651,ADAM8,1.5360162481033437,-0.9864702055527746
ENSG00000107485,GATA3,0.7652159010458796,-0.9595528066885722
ENSG00000048740,CELF2,-1.6024277076157012,-1.1161725317310525
ENSG00000260314,MRC1,0.6248453014820852,-0.02908259524472089
ENSG00000077420,APBB1IP,-1.234279681920662,-1.043108869420362
ENSG00000148516,ZEB1,-1.63529796307228,-1.4374639673575085
ENSG00000095794,CREM,-1.4566269449699514,-1.711354873669333
ENSG00000169826,CSGALNACT2,-1.0964193702115201,-1.383700406548051
ENSG00000072401,UBE2D1,0.5833186842442831,-0.6401138322211263
ENSG00000122862,SRGN,1.6782901775692247,-0.6870033548585847
ENSG00000173267,SNCG,4.447059962807852,1.2732342237194787
ENSG00000119922,IFIT2,2.013130309151794,-0.03938713970176082
ENSG00000119917,IFIT3,0.3312056464266606,-0.8936761672760805
ENSG00000185745,IFIT1,1.3051804399376823,-0.8301494035549616
ENSG00000138193,PLCE1,-1.2156697314638012,-1.2144613956509065
ENSG00000151929,BAG3,-0.0393282638109751,-0.9382359860450572
ENSG00000132334,PTPRE,-0.1517895652695773,-0.9167522094183717
ENSG00000171798,KNDC1,0.5777807525812328,-1.1759746252037366
ENSG00000244734,HBB,2.666763337946059,-0.21542735059076487
ENSG00000130413,STK33,-1.0778400754982678,-0.8444878310015231
ENSG00000166444,ST5,-0.1144001511292594,-1.158903712853296
ENSG00000133800,LYVE1,1.7064162433630257,-0.7707892927679629
ENSG00000050165,DKK3,1.156765178730559,-1.5280620809651644
ENSG00000006611,USH1C,2.530625716677422,-0.6010973718066733
ENSG00000148965,SAA4,1.994734187972484,-0.6690178433274865
ENSG00000134339,SAA2,3.9328961222677212,0.3855864733224909
ENSG00000205213,LGR4,-0.9310332837329196,-1.316731578326972
ENSG00000176697,BDNF,-0.1459467605847925,-1.615484908311587
ENSG00000170959,DCDC1,-3.2845423184222686,-1.7104950356784052
ENSG00000149090,PAMR1,-1.7167666317706336,-0.7988418290453814
ENSG00000165923,AGBL2,-0.07266155339091149,-2.413128591067166
ENSG00000167996,FTH1,3.2496499878436285,-0.13295190953628475
ENSG00000110172,CHORDC1,0.6920324455825198,-1.0335814327962918
ENSG00000137672,TRPC6,-0.6424234753920928,-1.6782323995218464
ENSG00000137726,FXYD6,3.2739894250453103,0.08410033458752858
ENSG00000160593,JAML,0.12843029504935888,-0.8435103325153583
ENSG00000167286,CD3D,3.5440970510097785,-0.09156287750939847
ENSG00000137699,TRIM29,1.2180821174979173,-1.0318655916678696
ENSG00000134954,ETS1,-0.6568371699187072,-1.100598086789927
ENSG00000134917,ADAMTS8,1.6330805507084851,0.22207469478713546
ENSG00000142102,PGGHG,1.6862228045354166,-0.9687029200558408
ENSG00000185201,IFITM2,1.3390084113235072,-1.162877969870699
ENSG00000117983,MUC5B,-2.7447040298858254,-1.5885798704668082
ENSG00000166402,TUB,0.4436382741591143,-0.9008624558087284
ENSG00000148926,ADM,2.872791316271334,-0.982993916307804
ENSG00000197702,PARVA,0.33156186089439943,-1.051977339967602
ENSG00000166833,NAV2,-1.7618535032195628,-1.0524029477111052
ENSG00000121671,CRY2,-0.7057822023771366,-1.353098260974859
ENSG00000157613,CREB3L1,0.6286935210576243,-0.9304215378125348
ENSG00000156738,MS4A1,2.5069419000515154,0.355947640346964
ENSG00000166959,MS4A8,0.6922853076752221,-0.4405873327575317
ENSG00000166961,MS4A15,1.5453079294890129,0.040242891251897714
ENSG00000013725,CD6,-0.3383066603986241,-0.9365106505785996
ENSG00000124920,MYRF,-0.7629952207655566,-2.3357137305780458
ENSG00000149021,SCGB1A1,3.8520320260374143,0.4604749839116288
ENSG00000172543,CTSW,2.8925344293182884,0.1352674230162812
ENSG00000006534,ALDH3B1,2.6095502148541296,-0.8274958968327996
ENSG00000085733,CTTN,-0.012827141517764396,-1.0990012331446624
ENSG00000165457,FOLR2,2.8033276927703006,-0.7627932918141502
ENSG00000021300,PLEKHB1,-0.7697459591449957,-0.9000318472063031
ENSG00000187726,DNAJB13,0.09713086742885342,-1.1698315835790225
ENSG00000149257,SERPINH1,-1.4207828701996918,-0.5245150907374629
ENSG00000078124,ACER3,-1.3012483843291858,-1.2626553016383368
ENSG00000110318,CEP126,0.5277081909739931,-0.8989829471095849
ENSG00000149311,ATM,-0.9011694945139982,-1.0944386580823813
ENSG00000183644,C11orf88,3.5559940655186804,-0.3825406190041968
ENSG00000109906,ZBTB16,-1.0809157104386864,-1.1412773493396493
ENSG00000166741,NNMT,2.164397954319107,-0.7125363396648743
ENSG00000110274,CEP164,0.8503375399827683,-1.2408128525820838
ENSG00000110324,IL10RA,0.6901018469277307,-0.9299028962270156
ENSG00000137648,TMPRSS4,-1.3912642611592485,-0.9706880560868728
ENSG00000160654,CD3G,1.9008766491425464,-0.9671170240997332
ENSG00000137642,SORL1,-0.4991236613435515,-1.1383780497248537
ENSG00000064199,SPA17,-0.768873439647735,-1.2816215723909845
ENSG00000182667,NTM,-2.68979792286132,-1.8227046756844287
ENSG00000255545,AP004608.1,0.7650068911651462,-1.2573106662118108
ENSG00000110799,VWF,0.16960415165394593,-0.6788881780160874
ENSG00000159403,C1R,2.7577331768591566,-0.5763050912934758
ENSG00000177575,CD163,0.8041574477546719,-0.1174692855810742
ENSG00000059804,SLC2A3,-0.32249030208669244,-0.7682241889121239
ENSG00000175899,A2M,0.4550928806614123,-1.1003843700570992
ENSG00000111796,KLRB1,2.6699055656063537,-0.33069531506926714
ENSG00000110848,CD69,0.8493277271232554,-1.5253830465415374
ENSG00000213809,KLRK1,-0.788324652494724,-2.132505683963268
ENSG00000205810,KLRC3,2.175224164424334,-0.18465861268382933
ENSG00000070018,LRP6,-0.2578818972994085,-1.2535098725511955
ENSG00000184613,NELL2,0.048144125330705084,-0.9393998273244092
ENSG00000111371,SLC38A1,-0.6874821849871253,-0.9561232407329504
ENSG00000134285,FKBP11,2.5621672707560315,-0.9322777926779088
ENSG00000123342,MMP19,-0.968674751629685,-0.9549156207064644
ENSG00000156076,WIF1,2.168924040838384,-0.20324573509975136
ENSG00000111537,IFNG,3.0822722077449667,-0.14235063056230104
ENSG00000127329,PTPRB,-2.039607090655167,-2.3090979430838874
ENSG00000175183,CSRP2,0.4943146217375316,-0.8114218036988756
ENSG00000257894,AC027288.3,-2.9314976816037195,-1.726017756076856
ENSG00000231738,TSPAN19,1.230497187025527,-1.5839227099353337
ENSG00000198707,CEP290,-0.1805311153451808,-1.1432979314432858
ENSG00000011465,DCN,-0.8046615274746663,0.20693598240394895
ENSG00000256870,SLC5A8,0.4170978328478512,-1.1712162293419774
ENSG00000074590,NUAK1,0.7049278305167607,-0.8099479906196723
ENSG00000135116,HRK,1.0903866606778507,-0.8422456484069021
ENSG00000135114,OASL,0.4357060738072274,0.0723823491311548
ENSG00000256654,AC005906.2,-2.12503697284179,-2.4027432314561707
ENSG00000089692,LAG3,0.5729621810543282,-0.954476016416274
ENSG00000257084,MIR200CHG,2.104030668354289,-0.9953744275781441
ENSG00000139187,KLRG1,-0.27809575022486965,-1.1771462904699148
ENSG00000069493,CLEC2D,-0.20645834988126333,-0.8843615792816902
ENSG00000150045,KLRF1,1.4240440134650691,-0.4542541333884094
ENSG00000134539,KLRD1,-0.29972953779449285,-1.209248869088102
ENSG00000256039,LINC02446,-2.433025788179541,-2.150285110802565
ENSG00000111276,CDKN1B,0.7236280411784598,-1.3693692443590313
ENSG00000178878,APOLD1,0.050097701640277804,-1.0448656424308165
ENSG00000013588,GPRC5A,-1.034864700806516,-1.946223700810108
ENSG00000134531,EMP1,-1.8248752919527924,-0.8764726262307568
ENSG00000255745,AC023796.1,-1.7004307261731926,-2.9321907491278187
ENSG00000135480,KRT7,1.4952346018264573,-0.8366255193080487
ENSG00000123384,LRP1,0.7168924147120727,-0.959090209588456
ENSG00000178498,DTX3,2.6395426937322033,-1.1576495519254597
ENSG00000127311,HELB,-1.7403244495964352,-1.2809414839179565
ENSG00000067798,NAV3,-2.042678304616647,-1.7514010817735517
ENSG00000133640,LRRIQ1,0.041588650775577836,-0.6701502239750529
ENSG00000186710,CFAP73,0.06016746760379142,-0.876506619128011
ENSG00000224982,TMEM233,0.2428710339390797,-0.7681203712747344
ENSG00000135127,BICDL1,-2.168211921359595,-1.2631788666293546
ENSG00000158023,WDR66,0.1977537760743359,-1.05679473528972
ENSG00000168778,TCTN2,0.37640883448694573,-1.1042537827945795
ENSG00000197653,DNAH10,-0.6747956086420726,-1.4753372581933677
ENSG00000120693,SMAD9,0.1613057868830032,-0.9055973491485164
ENSG00000133110,POSTN,1.807999712625119,-0.5196370312479806
ENSG00000183722,LHFPL6,-2.7864051502943714,-1.972074107880296
ENSG00000123179,EBPL,2.5813971453183235,-1.2419598603948538
ENSG00000197168,NEK5,-0.1933938292522185,-1.7301358964731706
ENSG00000139734,DIAPH3,-1.0872538331864965,-1.2733008451509038
ENSG00000285684,AL137781.1,-0.18699787072813093,-2.2696489442980057
ENSG00000169508,GPR183,2.389233949142957,-0.6457771956476033
ENSG00000125266,EFNB2,-0.5295624101936672,-1.220530337002678
ENSG00000187498,COL4A1,0.04875765176796999,-1.3412214591794662
ENSG00000132938,MTUS2,-3.081729676229937,-2.90652433797809
ENSG00000132952,USPL1,-1.8640042379118744,-1.3573204244266812
ENSG00000118946,PCDH17,-0.24965644568972165,-0.7528366450184519
ENSG00000136153,LMO7,-0.06877314684859896,-0.6697898531689067
ENSG00000136155,SCEL,0.4952589310925646,-0.609732840256905
ENSG00000183098,GPC6,-3.332850224157412,-3.114123031715411
ENSG00000134871,COL4A2,-0.6266632025688217,-1.4016402088790931
ENSG00000165795,NDRG2,-2.5270200511251066,-1.2845184986544609
ENSG00000100450,GZMH,3.4814331424137563,-0.6277413231073878
ENSG00000100453,GZMB,3.957309515434509,-0.2967668597177029
ENSG00000119655,NPC2,1.8376027910602009,-0.8537366658786939
ENSG00000119681,LTBP2,1.5116013767435303,-1.3728772312125512
ENSG00000054983,GALC,-2.7958029893383576,-2.3544121400587814
ENSG00000140092,FBLN5,2.7687787760392752,0.10482157725368736
ENSG00000127152,BCL11B,-0.7190902698351083,-0.820150935444858
ENSG00000140105,WARS,-0.5135527623951813,-0.9909893091503738
ENSG00000080824,HSP90AA1,1.3291593757356033,-1.4320995545238115
ENSG00000183484,GPR132,-1.5329785518542125,-1.2829249961003195
ENSG00000211892,IGHG4,-0.7493512266401606,-1.4964193715338543
ENSG00000253755,IGHGP,-5.412570449786768,-2.9721681566840976
ENSG00000211895,IGHA1,-1.0934761722924462,0.1230060379350064
ENSG00000211896,IGHG1,0.521056391623038,-0.4840534544020569
ENSG00000211897,IGHG3,-3.424660664180583,-0.8940596066965741
ENSG00000211898,IGHD,0.5599831691161601,0.4716015599580878
ENSG00000211899,IGHM,-0.09419062783071218,-0.8513995687073966
ENSG00000139926,FRMD6,-2.041792591448884,-2.8458719958274465
ENSG00000054654,SYNE2,-0.4657571065118197,-0.9569088225287862
ENSG00000140030,GPR65,1.931022501760853,-0.7243163899858287
ENSG00000258752,AL357093.2,1.0212129886476615,-1.3772949623241493
ENSG00000165949,IFI27,2.678167933080561,-0.7202283840141542
ENSG00000196136,SERPINA3,3.5065569915827983,-0.6780262281498325
ENSG00000185215,TNFAIP2,1.1939893252203722,-1.106742163498328
ENSG00000261684,AC018362.1,-1.238083588474675,-1.1935816547078335
ENSG00000128833,MYO5C,-0.9263851833780004,-1.4806071054681915
ENSG00000137831,UACA,-0.011003786394042649,-0.8153131476209408
ENSG00000140379,BCL2A1,1.157138201468723,0.12506627846815274
ENSG00000197696,NMB,1.871853269993475,-0.9815160543930254
ENSG00000140545,MFGE8,3.012840677891326,-0.5245641443174273
ENSG00000137801,THBS1,1.8765600764054435,-0.6920270509517283
ENSG00000128917,DLL4,-1.3135768953700535,-2.1379920205777534
ENSG00000137857,DUOX1,-0.28971303814482297,-1.5874272578365922
ENSG00000140284,SLC27A2,1.7429362981012266,-1.1325417545175165
ENSG00000128849,CGNL1,-0.8046582853878784,-1.0347486449820025
ENSG00000157470,FAM81A,-2.9487699000556167,-3.6221346256618796
ENSG00000140416,TPM1,0.9042630378970372,-0.8773870650815639
ENSG00000140403,DNAJA4,0.5039564223089334,-1.0173282293722934
ENSG00000182511,FES,0.7114203795602103,-1.1535590558728301
ENSG00000140443,IGF1R,-2.2037437268991464,-2.0996043734505943
ENSG00000162004,CCDC78,2.9182571441972343,-0.8725121252607049
ENSG00000167972,ABCA3,-0.0581522866647384,-0.4041342686207656
ENSG00000213853,EMP2,2.6485560406378954,0.3045295549039403
ENSG00000069764,PLA2G10,1.4950641598293164,-1.0671480986152837
ENSG00000133392,MYH11,0.19628228602783632,-0.4969792862313655
ENSG00000169347,GP2,2.3527658244790377,-0.28852975382633883
ENSG00000158486,DNAH3,-2.318308195328127,-1.4273319491989083
ENSG00000149927,DOC2A,0.4021617508936898,-1.5360465831565142
ENSG00000196118,CCDC189,1.5861804363588168,-1.0152241477323496
ENSG00000140937,CDH11,0.6513498135239251,0.1235743082984552
ENSG00000166592,RRAD,-1.4690751125847024,-1.139134177587463
ENSG00000157423,HYDIN,-2.390011717472695,-2.1590670338336437
ENSG00000153789,FAM92B,2.090095805119438,-0.7722385893510104
ENSG00000161996,WDR90,1.976026321800454,-1.1948833016334588
ENSG00000102854,MSLN,0.2680667028687629,-0.7643713428766903
ENSG00000131634,TMEM204,-0.3973076416710417,-2.2760466488047157
ENSG00000103351,CLUAP1,0.926286394200864,-0.9895108253178008
ENSG00000168140,VASN,0.7019102735204822,-1.1194927815598064
ENSG00000103534,TMC5,-0.4907125319371873,-1.0415514523946023
ENSG00000103540,CCP110,0.7288927988905143,-1.004123165889372
ENSG00000175267,VWA3A,-0.3192037326413622,-0.8346629502957692
ENSG00000047578,KIAA0556,-1.6830969996237812,-1.3319837001417476
ENSG00000005844,ITGAL,-0.5272057479501473,-0.9122930966601872
ENSG00000140678,ITGAX,-1.1271409302545354,-1.0094038238928542
ENSG00000140807,NKD1,-1.2902554352459257,-1.774782781840509
ENSG00000087245,MMP2,0.1397608536483146,0.012668460900120044
ENSG00000125148,MT2A,3.2433286112669384,-0.7692272933621905
ENSG00000169715,MT1E,2.602291015376533,-0.8799847819322352
ENSG00000205364,MT1M,2.1891836784843184,-0.7022766393904399
ENSG00000205362,MT1A,0.8920487056076915,-0.8131825329894081
ENSG00000198417,MT1F,1.5780841085972637,-0.8976183312172076
ENSG00000006210,CX3CL1,1.587125197975724,0.10191923598383572
ENSG00000172824,CES4A,1.0488291010143571,-0.9357904213540692
ENSG00000103066,PLA2G15,1.4718377189095342,-1.028630042961359
ENSG00000172137,CALB2,1.6102552967424817,-0.3832168179428048
ENSG00000257017,HP,0.9547174059654928,0.2005292333123772
ENSG00000168589,DYNLRB2,1.8085520801382664,0.10899449756369788
ENSG00000154099,DNAAF1,0.8946080410701464,-2.0498679722394577
ENSG00000167523,SPATA33,1.9661125231799832,-0.8131334007032459
ENSG00000141013,GAS8,1.2003271727502742,-1.0190200872678643
ENSG00000167703,SLC43A2,-0.8348037677803168,-1.4444606337635753
ENSG00000161905,ALOX15,2.2297708192900254,-0.6715365849335417
ENSG00000182853,VMO1,3.5139580238373016,-0.7582725867915595
ENSG00000132514,CLEC10A,2.4200273888989456,-0.8241323607659065
ENSG00000133026,MYH10,0.569265279032629,0.305658016794566
ENSG00000109099,PMP22,1.6489249087326625,-1.611469001446468
ENSG00000125409,TEKT3,1.3955152977398908,-1.1129905705221828
ENSG00000166482,MFAP4,-2.4282693968179414,-0.3503430888556482
ENSG00000271503,CCL5,2.740952320694196,-0.42097499225363055
ENSG00000277632,CCL3,0.5820953149212931,-0.580248932546376
ENSG00000277363,SRCIN1,-0.7267974754666231,-2.7878748371310857
ENSG00000161405,IKZF3,-0.6490040043489325,-1.057221080174275
ENSG00000131746,TNS4,-1.074507287282224,-1.0420585202480728
ENSG00000126353,CCR7,1.5595074904684163,-0.6936583889628403
ENSG00000171346,KRT15,3.5659222113526385,-0.8229840620899479
ENSG00000128422,KRT17,4.006162647546576,0.5710273131381113
ENSG00000177469,CAVIN1,1.5504085133346528,-0.8702156958068589
ENSG00000166292,TMEM100,4.824720957935186,0.2611502383470937
ENSG00000011143,MKS1,-0.006388601310424603,-0.9513705345129104
ENSG00000261371,PECAM1,0.7479057898341508,-0.6755756338166802
ENSG00000154240,CEP112,-1.4692360743601491,-1.3269496700558852
ENSG00000154265,ABCA5,0.8895784243550598,-0.9503737522733362
ENSG00000186407,CD300E,1.5593983698815344,-0.4322230182068835
ENSG00000187624,C17orf97,-0.8243666165626351,-1.1609471487460108
ENSG00000183018,SPNS2,0.33457892315613336,-1.4858398163040187
ENSG00000072818,ACAP1,-1.2723818566304113,-0.9179729579062572
ENSG00000183914,DNAH2,-1.6121421569961256,-2.3255429259323424
ENSG00000132510,KDM6B,1.1392100244332894,-1.2593648777129276
ENSG00000065320,NTN1,-1.9772474403515776,-2.6149764287424944
ENSG00000154914,USP43,0.2908136004256903,-1.0207114960420405
ENSG00000109079,TNFAIP1,0.353037670379584,-1.1553459522438014
ENSG00000276070,CCL4L2,2.213340233353355,-0.4186301177377391
ENSG00000275832,ARHGAP23,-0.5738479187123954,-1.1755172361818882
ENSG00000153930,ANKFN1,-4.109886555377471,-3.187503308177974
ENSG00000153933,DGKE,0.13760503375395308,-1.004907346823808
ENSG00000011028,MRC2,0.4816866444706629,-1.0430878022710228
ENSG00000153822,KCNJ16,0.4049586651752015,-1.0425143018956775
ENSG00000171595,DNAI2,-0.5053613074070256,-0.96562637871901
ENSG00000132470,ITGB4,-0.2271730272660228,-1.2878123582029464
ENSG00000167895,TMC8,-1.18066559057442,-0.9678264843546116
ENSG00000154065,ANKRD29,0.11473372215739355,-0.7237314337719923
ENSG00000171885,AQP4,2.240925927668707,-0.7798420134328944
ENSG00000166510,CCDC68,0.4898416325451165,-1.0367053236875008
ENSG00000196628,TCF4,-1.1276390105125655,-0.7252422564363796
ENSG00000057149,SERPINB3,5.018253858036744,1.3632194001485702
ENSG00000101596,SMCHD1,-1.417644167254981,-1.0782014087445837
ENSG00000053747,LAMA3,-2.616867526249582,-1.9574895318130203
ENSG00000101695,RNF125,-1.4081494715191858,-0.976364341344638
ENSG00000141622,RNF165,0.9129545628679924,-1.076023246153353
ENSG00000134443,GRP,1.8537353839577624,-0.22141496748956105
ENSG00000150636,CCDC102B,-1.4938463625734966,-2.331248426814746
ENSG00000267011,AC011498.1,0.4664619790643426,-1.486370010975167
ENSG00000142347,MYO1F,-1.2799146115886653,-0.8772746149346367
ENSG00000181143,MUC16,1.2238497899795135,-0.9088234081589504
ENSG00000076662,ICAM3,1.757520294534114,-1.000052609198554
ENSG00000130158,DOCK6,-1.4628258977314796,-1.2795005446154235
ENSG00000105717,PBX4,-1.8238215698426816,-0.9799194740830782
ENSG00000167604,NFKBID,-0.6532307842796757,-0.9000805220150768
ENSG00000161281,COX7A1,1.947698052817452,-0.8557648746640465
ENSG00000167641,PPP1R14A,0.14162588186164893,-0.2781115227943225
ENSG00000267107,PCAT19,0.396119250748973,-0.19871669041043305
ENSG00000104936,DMPK,0.10982390235206484,-1.048975227404848
ENSG00000105479,CCDC114,1.7664747537281684,-1.268956381175796
ENSG00000105538,RASIP1,0.12698987257488106,-0.8038114849860318
ENSG00000129451,KLK10,0.9795027492744514,-0.8486472941248001
ENSG00000105374,NKG7,3.851423263460673,0.07675114720937637
ENSG00000142512,SIGLEC10,1.3973843814074558,-0.995521717447932
ENSG00000287608,AC022137.4,1.088189720436107,-1.159558260072142
ENSG00000116032,GRIN3B,2.3623351801208905,-0.7529103827513667
ENSG00000064687,ABCA7,0.1840760426488232,-0.5182423950105584
ENSG00000099617,EFNA2,0.21728272227645934,-1.00427332241814
ENSG00000099860,GADD45B,3.322051238570295,-1.157013583675951
ENSG00000032444,PNPLA6,0.180573799520298,-0.9963790906844192
ENSG00000104918,RETN,2.7530455842076496,-0.6498210232260105
ENSG00000090339,ICAM1,-0.35815222387083945,-1.1562386574681691
ENSG00000130164,LDLR,-0.8600531454876529,-1.2816797306834893
ENSG00000130176,CNN1,-1.4830703525411004,-0.5725644514637156
ENSG00000132003,ZSWIM4,-1.9106380841032724,-1.3357181596875705
ENSG00000104998,IL27RA,-0.3783408167039612,-1.1944332296217426
ENSG00000216490,IFI30,4.544508662893005,-0.240807456727535
ENSG00000130513,GDF15,1.5226976828063514,-0.9249750974057076
ENSG00000089356,FXYD3,3.496559899702245,-0.3925065017079766
ENSG00000167644,C19orf33,1.783219131604291,-0.2579542065298155
ENSG00000090006,LTBP4,1.3628701917302313,-0.15644896532412791
ENSG00000086548,CEACAM6,3.4872361030795282,0.08725437774367867
ENSG00000187244,BCAM,4.154787865441473,-0.8665441395939193
ENSG00000130208,APOC1,-0.6402225661284199,-1.9254987931004968
ENSG00000234906,APOC2,-0.2487115778594323,0.1625849874545371
ENSG00000010310,GIPR,-0.03370155689572345,-1.1195243862863449
ENSG00000124440,HIF3A,-1.7052617673740602,-1.305663157681177
ENSG00000187474,FPR3,0.4823189077557691,-1.124263370104526
ENSG00000130844,ZNF331,-0.339207499369478,-1.050812826945651
ENSG00000160472,TMEM190,4.124102268428759,0.21776055735003788
ENSG00000167685,ZNF444,1.4114743677631518,-1.1771233940796202
ENSG00000151694,ADAM17,-1.0135766295647048,-1.2443333314481253
ENSG00000138002,IFT172,0.20649434227344007,-0.8994595232040598
ENSG00000115380,EFEMP1,1.983084824096207,-0.92802150453231
ENSG00000183607,GKN2,2.9192193242459767,-0.6837949614258019
ENSG00000124374,PAIP2B,1.2677067072030497,-0.978562947212474
ENSG00000168878,SFTPB,1.0017006093591694,0.1471975946004978
ENSG00000115525,ST3GAL5,-0.22506560136181994,-0.9874475792552948
ENSG00000153563,CD8A,2.2881007636093162,-0.2496384257143829
ENSG00000174501,ANKRD36C,-0.687250734519604,-1.2906167586406871
ENSG00000196872,KIAA1211L,-0.4192558522883984,-0.93672195035418
ENSG00000115008,IL1A,-0.2826185188279458,-0.8257656084684762
ENSG00000125538,IL1B,0.058011764760421164,-1.9586725623218917
ENSG00000115112,TFCP2L1,0.3968349516743732,-0.8789834223504597
ENSG00000072163,LIMS2,1.9190750837024044,-0.7572511724194196
ENSG00000115963,RND3,0.5449267526817112,-0.944003583815592
ENSG00000153234,NR4A2,0.37219284574559053,-0.35620891344068273
ENSG00000115165,CYTIP,1.173948643358432,-0.6529810593847171
ENSG00000136546,SCN7A,0.9822114899437212,-0.6420581466241777
ENSG00000155657,TTN,0.7490258039094597,-0.9618912318220508
ENSG00000064989,CALCRL,-1.681222827458337,-2.0470437659933625
ENSG00000003436,TFPI,0.9852145810173288,-0.20444941088449275
ENSG00000138449,SLC40A1,1.9249757046131188,-0.11996514489870574
ENSG00000168497,CAVIN2,3.6330991424852153,-0.8408589589023547
ENSG00000081320,STK17B,-0.8371638993557149,-1.0462266612408762
ENSG00000115414,FN1,0.6309359577108974,-0.6601225348925416
ENSG00000115461,IGFBP5,2.3361869544057794,-0.7146491481853687
ENSG00000081052,COL4A4,-0.6664377362564201,-1.0585923760835323
ENSG00000066248,NGEF,1.50124399772226,-1.3997653708102549
ENSG00000163359,COL6A3,0.4384697587361381,-0.8174919979417192
ENSG00000132326,PER2,-0.28587843535754764,-1.1773639642921452
ENSG00000115687,PASK,0.9680012372225872,-1.1113883677950596
ENSG00000235576,LINC01871,-1.8802926038849268,-1.913473166069906
ENSG00000115738,ID2,0.3615632299799516,-1.5602237021483965
ENSG00000189350,TOGARAM2,-0.4717708484351583,-1.6679454311675486
ENSG00000150938,CRIM1,-0.7914075030029409,-0.92257838692384
ENSG00000152527,PLEKHH2,-2.2966349935712462,-1.2247417652203605
ENSG00000116016,EPAS1,0.16114501696555675,-0.3914001755715731
ENSG00000115306,SPTBN1,0.01979289005528571,-0.9568409138694288
ENSG00000162929,KIAA1841,-1.038409668405123,-1.028668776405408
ENSG00000143995,MEIS1,-1.0976349497442175,-1.7410525045202232
ENSG00000163017,ACTG2,2.7218262054886417,0.567570933628505
ENSG00000115423,DNAH6,-1.4268704326263937,-1.1056067186840708
ENSG00000034510,TMSB10,1.4750192056581524,-0.9130053880711541
ENSG00000115523,GNLY,4.027099985806567,0.4002259485128638
ENSG00000168874,ATOH8,2.2342670205844986,-1.0408758632331412
ENSG00000115590,IL1R2,-0.2468284800657461,-0.5958741614477608
ENSG00000115602,IL1RL1,-0.2710592963223301,-1.0285922486796877
ENSG00000115604,IL18R1,-0.6979461514664224,-1.2795838451974964
ENSG00000188177,ZC3H6,0.2336693603788441,-1.0306062419427704
ENSG00000136689,IL1RN,2.199689148500269,-0.005309190073215045
ENSG00000115109,EPB41L5,-2.8208019149621766,-2.192039935688531
ENSG00000123610,TNFAIP6,-1.887440229142333,-1.97716978711584
ENSG00000136542,GALNT5,0.6670877690552559,-0.942658965470172
ENSG00000091428,RAPGEF4,-2.1158591072218798,-1.0931127296458802
ENSG00000115232,ITGA4,-0.4768544769898128,-0.9080886368882722
ENSG00000144366,GULP1,-0.3197540168095337,-1.0483331469316808
ENSG00000168542,COL3A1,0.5245593490192627,-0.903349501593268
ENSG00000115541,HSPE1,0.2933741530005747,-0.888424426191397
ENSG00000064012,CASP8,-1.099368266575288,-1.0732453343573811
ENSG00000182329,KIAA2012,-1.7564610390871889,-1.1254637471347235
ENSG00000163599,CTLA4,1.5340132112141136,-0.7024235382216633
ENSG00000163600,ICOS,-1.2768071258671871,-1.94123844855758
ENSG00000078018,MAP2,-0.9985657376485096,-1.0927621737951034
ENSG00000018280,SLC11A1,-0.7582923720598125,-0.821457534432684
ENSG00000243910,TUBA4B,2.56231453558555,-0.8630269168891538
ENSG00000227308,LINC02832,3.05176388786111,-0.4872902241314665
ENSG00000169031,COL4A3,-2.243831538727758,-1.9554213693895504
ENSG00000115648,MLPH,0.0633319051032795,-1.016414948494991
ENSG00000226321,CROCC2,-0.7141689945951977,-1.5469739808975882
ENSG00000101265,RASSF2,0.15580298889791186,-0.9420837804883948
ENSG00000196090,PTPRT,-3.3013363298898364,-2.278392036506044
ENSG00000196562,SULF2,-0.5677944257251681,-1.0103595467575734
ENSG00000124212,PTGIS,0.002046820111318568,-0.6700816416706831
ENSG00000019186,CYP24A1,0.7599309779482231,-0.3959010663950894
ENSG00000130702,LAMA5,1.086222860279584,-0.945843902965378
ENSG00000077984,CST7,3.2241926930773137,-0.5108147819593993
ENSG00000198183,BPIFA1,1.2100841268987022,0.7521245958133844
ENSG00000125999,BPIFB1,3.632070657123594,0.7767230755545841
ENSG00000101335,MYL9,2.4869909378456945,-1.2145987238287814
ENSG00000124191,TOX2,-0.4350577932836278,-1.0772721570447654
ENSG00000101443,WFDC2,3.623478154137013,-0.15001556119136292
ENSG00000100985,MMP9,0.8493715104239594,-0.8467309450835833
ENSG00000182463,TSHZ2,-1.150550273418132,-1.0171022520187527
ENSG00000087510,TFAP2C,1.2870331809775886,-1.1141305232220342
ENSG00000124253,PCK1,2.872378352801392,0.6689491737680614
ENSG00000124237,C20orf85,3.4801042255243977,-1.1528068892422847
ENSG00000124203,ZNF831,-1.4666789375000882,-1.8541150102951216
ENSG00000166265,CYYR1,-0.15950578817307934,-1.7765035374978122
ENSG00000154734,ADAMTS1,1.9916092802693908,-0.7781252222887809
ENSG00000157554,ERG,-2.142376158365565,-1.181556119619779
ENSG00000160180,TFF3,2.003130041749572,0.18956054546426104
ENSG00000160188,RSPH1,0.7320905582292236,-1.9866498824245047
ENSG00000234883,MIR155HG,-1.6272126899868358,-0.8770275179943495
ENSG00000154721,JAM2,1.1702975025911615,-0.17027091301001224
ENSG00000159128,IFNGR2,-2.8598090195018084,-2.565133523445267
ENSG00000231106,LINC01436,0.39081079156737736,-1.0655846050877094
ENSG00000142173,COL6A2,1.7220435886782,0.1120834492430618
ENSG00000244486,SCARF2,0.4572322213916234,-1.4170727458127543
ENSG00000100034,PPM1F,0.11362696056496427,-1.1824550795279607
ENSG00000100079,LGALS2,3.5729140151067424,0.3791129311459443
ENSG00000075275,CELSR1,-1.5094327076453158,-2.2936657227723574
ENSG00000205593,DENND6B,1.037950359036472,-0.8701703522811017
ENSG00000177989,ODF3B,-0.7011324401401509,-0.73612658701573
ENSG00000187905,LRRC74B,2.0665708940277447,-0.8509183810696146
ENSG00000211673,IGLV3-1,4.2543221532813735,0.9130353056097908
ENSG00000100234,TIMP3,0.5365914338685408,0.0015482281147868062
ENSG00000100292,HMOX1,0.6059909191986842,-0.7840408604640057
ENSG00000128408,RIBC2,0.7160055658388395,-1.1203898000151624
ENSG00000077942,FBLN1,1.2194274816991295,-1.1301479501840208
ENSG00000151789,ZNF385D,-3.3717637184094507,-4.3662329045390464
ENSG00000178038,ALS2CL,-0.08655206779405715,-1.1039630149969646
ENSG00000187492,CDHR4,1.447816489222082,-0.7871904129069438
ENSG00000004838,ZMYND10,1.3442186326143175,-1.6689409517538354
ENSG00000114904,NEK4,0.3881541429429751,-1.1503666112559212
ENSG00000174844,DNAH12,-2.313071253987049,-2.3139983243001465
ENSG00000163687,DNASE1L3,1.0794095613778059,0.498500273695658
ENSG00000168309,FAM107A,2.3827866944782987,0.3316749175649067
ENSG00000163638,ADAMTS9,-2.2686874866890965,-1.2209986204079613
ENSG00000151276,MAGI1,-1.901300116974478,-1.2126536705866229
ENSG00000163421,PROK2,1.1260299901674762,-0.8330143004880225
ENSG00000114423,CBLB,-2.5115878245320253,-1.2159545120933852
ENSG00000091986,CCDC80,2.1171909159644278,-0.5687578369528384
ENSG00000163430,FSTL1,1.0561851471778454,-0.7174054972827889
ENSG00000065534,MYLK,1.0691726351997792,-1.1463286836760445
ENSG00000179348,GATA2,2.269314140060992,-0.5178815506987949
ENSG00000172771,EFCAB12,-0.05075587455538287,-1.1648520112856664
ENSG00000174640,SLCO2A1,0.7064457126669923,-0.1016263500179522
ENSG00000158163,DZIP1L,0.3743542813385703,-1.0592784186528788
ENSG00000152952,PLOD2,-0.7139215663436198,-1.0880744946366765
ENSG00000206199,ANKUB1,-1.9669797406390837,-2.2825884496732
ENSG00000174946,GPR171,1.7674284943050371,-0.7051348409303413
ENSG00000197415,VEPH1,-0.7331984163370447,-0.9408652548468388
ENSG00000118849,RARRES1,0.9177168022379836,-0.9817644922872304
ENSG00000169064,ZBBX,-0.045416985534398886,-1.01204739446529
ENSG00000121858,TNFSF10,2.053663313230379,-1.0295810878419194
ENSG00000163898,LIPH,0.5912539114916721,-0.9162570016911264
ENSG00000073792,IGF2BP2,-1.043663574961997,-0.9895346861113892
ENSG00000163347,CLDN1,0.4943816910278648,-0.8980675721988437
ENSG00000127249,ATP13A4,-0.4613006950859971,-0.6661995822746801
ENSG00000145113,MUC4,0.23523385572285754,-1.332918803396938
ENSG00000071282,LMCD1,0.2502811750464896,-1.2815674028684372
ENSG00000187118,CMC1,1.4447681201427944,-1.1688393003260271
ENSG00000008226,DLEC1,1.2916143136732836,-0.9900856077274756
ENSG00000172215,CXCR6,1.4393844878146886,-0.7555458962124293
ENSG00000012171,SEMA3B,0.9500892142067086,-0.9623207948396408
ENSG00000248487,ABHD14A,1.3797465315755015,-1.3122476470236697
ENSG00000114841,DNAH1,0.04093774137161833,-1.0321242550493814
ENSG00000144810,COL8A1,-0.54051398338311,-1.5056416295162716
ENSG00000181458,TMEM45A,2.2352109533984907,0.4893555401494095
ENSG00000144802,NFKBIZ,-0.3873464547064336,-1.843117481307046
ENSG00000114455,HHLA2,-0.5074216729731357,-1.269189914758009
ENSG00000163519,TRAT1,1.1528778165300404,-0.7183603554279059
ENSG00000153283,CD96,-1.7496827890835438,-0.9262017549333004
ENSG00000144824,PHLDB2,-0.9705892258170784,-1.0468053839640914
ENSG00000144837,PLA1A,1.6304860712611131,-0.8535267138187038
ENSG00000163885,CFAP100,0.4511120038411912,-1.6334828830313992
ENSG00000066405,CLDN18,2.9434492677248496,-0.7281600775131409
ENSG00000158258,CLSTN2,-2.062750019597178,-2.8349750532068105
ENSG00000163751,CPA3,1.739362141055393,-0.5622186820835219
ENSG00000186329,TMEM212,-2.383858927365336,-2.011156880424118
ENSG00000159674,SPON2,1.7792984808617711,-0.7610733805130719
ENSG00000169744,LDB2,-1.2184168745779729,-0.7987132001439261
ENSG00000171476,HOPX,1.6611083497168135,-2.5135595405486777
ENSG00000169435,RASSF6,0.016954040835559618,-1.0865679626929283
ENSG00000163735,CXCL5,3.7669323936582613,-0.7806892989462006
ENSG00000163734,CXCL3,3.7152217547316764,-0.5326849190718833
ENSG00000152583,SPARCL1,1.4838014634371566,-0.14682503964023402
ENSG00000286618,AC131944.1,-2.686981607429244,-2.7448185628517527
ENSG00000138640,FAM13A,-1.1431639574051045,-1.1177149368180352
ENSG00000163106,HPGDS,-1.0406093523988054,-1.8708113653593923
ENSG00000151247,EIF4E,-0.9299930671595094,-1.0673260970129974
ENSG00000196616,ADH1B,2.0022786913028447,-1.7783081246538432
ENSG00000164035,EMCN,0.008050588871023194,-0.9903992722830544
ENSG00000173376,NDNF,1.2785909568840943,-0.8615141915954981
ENSG00000109452,INPP4B,-1.9966561058348629,-1.1973864917388808
ENSG00000164169,PRMT9,-0.6897644466359372,-1.1354776726180036
ENSG00000170006,TMEM154,0.32469854252326164,-1.1016431425181994
ENSG00000171557,FGG,2.7204901045815206,-0.10293299700486193
ENSG00000164120,HPGD,-0.4676605187598678,-2.3869116548923706
ENSG00000150625,GPM6A,-2.467048916312274,-2.106793613848064
ENSG00000154553,PDLIM3,-0.365741822151217,-0.7696299439141805
ENSG00000206113,CFAP99,-1.8176073914296345,-3.0037849825250857
ENSG00000109501,WFS1,2.0638034550898454,-0.8424883710581924
ENSG00000163993,S100P,1.7508474171520412,-1.019864649030114
ENSG00000145147,SLIT2,-2.8856079378760664,-1.2260747342410043
ENSG00000168421,RHOH,0.058070056037231935,0.00982309480943604
ENSG00000064042,LIMCH1,-0.58702504142679,-0.18152563378093645
ENSG00000157404,KIT,-1.3126286021643858,-2.324894910531118
ENSG00000181617,FDCSP,4.910265775057463,2.0604075799798176
ENSG00000169429,CXCL8,4.2880682812399264,-0.4391696907091144
ENSG00000124882,EREG,1.0979516403683376,0.4348249368567538
ENSG00000109321,AREG,1.6331266823200412,-1.5127401415439807
ENSG00000138759,FRAS1,-1.5316959705335549,-1.8130076269620141
ENSG00000138772,ANXA3,0.28421377205892223,-1.7254083765684958
ENSG00000163624,CDS1,0.6063685209597623,-0.8927105264404388
ENSG00000029559,IBSP,-0.13393247493793853,-0.7703486612302782
ENSG00000138722,MMRN1,2.752728278165536,1.0972300826874246
ENSG00000138696,BMPR1B,-2.1850435424765093,-1.9731029707976
ENSG00000164066,INTU,-0.516533370339923,-2.266606340403132
ENSG00000109654,TRIM2,-0.5309961327481882,-0.9844700659755038
ENSG00000137462,TLR2,-0.8091317868776463,-0.8583584352169621
ENSG00000109472,CPE,1.4337417278135438,-0.816768721709579
ENSG00000129116,PALLD,-1.4264826604346916,-1.4280898175864487
ENSG00000151718,WWC2,-1.299545571335552,-1.2011216590862563
ENSG00000173320,STOX2,-3.136115288942405,-2.7855835314712984
ENSG00000039139,DNAH5,-1.4711167748258116,-1.9588210193347984
ENSG00000145555,MYO10,-2.0896117013966524,-2.024404192426013
ENSG00000152611,CAPSL,2.6667877741567425,0.005756015824327374
ENSG00000197603,CPLANE1,-0.4940323853451342,-1.2116048005178501
ENSG00000113594,LIFR,-0.3636795893320672,-0.9700576221204472
ENSG00000164512,ANKRD55,-0.827777181230678,-1.2527788168913139
ENSG00000185261,KIAA0825,-4.510428855352743,-3.134448287299976
ENSG00000171444,MCC,-2.574147698000439,-2.2988685828860618
ENSG00000158987,RAPGEF6,-1.9277192182317422,-1.2726846550371131
ENSG00000125347,IRF1,3.6067645786356777,-0.6882306050611914
ENSG00000164266,SPINK1,1.1643952491549607,-0.9246244991362436
ENSG00000113721,PDGFRB,-0.4570545854694396,-0.7728327636628309
ENSG00000019582,CD74,2.155323313433538,-0.6353638338138693
ENSG00000113140,SPARC,2.1375533210872053,-0.6446873322749568
ENSG00000183580,FBXL7,-1.1428427677004531,-1.7549540196957052
ENSG00000152582,SPEF2,-0.6669913001936407,-0.9262137243924996
ENSG00000168685,IL7R,1.2216532102400774,0.12442731723256452
ENSG00000171522,PTGER4,1.8114203867781224,-0.8442517085921513
ENSG00000112936,C7,1.7677632787385396,-0.5114115355516725
ENSG00000213949,ITGA1,-0.03288692126895632,-0.9276970323146744
ENSG00000145649,GZMA,3.3131945825171383,-0.598698794379047
ENSG00000069020,MAST4,-1.337929614611839,-1.1418202872708352
ENSG00000145675,PIK3R1,-0.5013739853070219,-1.6007880548915043
ENSG00000038427,VCAN,0.4578500964123112,0.10075648103621987
ENSG00000175745,NR2F1,2.7197648069352587,-0.5056682143222336
ENSG00000133302,SLF1,0.7676560505071843,-1.057914601195603
ENSG00000164292,RHOBTB3,-1.0909186366150594,-1.2132439970099542
ENSG00000152495,CAMK4,-3.9565647665444894,-2.8342970729643704
ENSG00000145779,TNFAIP8,-1.1941667346756262,-1.0927280178133811
ENSG00000280780,JAKMIP2-AS1,-2.1373419023910416,-2.607929143300157
ENSG00000164265,SCGB3A2,3.586045089977325,0.2604924018338601
ENSG00000157510,AFAP1L1,-0.9427297365674192,-1.2982146823718368
ENSG00000183111,ARHGEF37,-0.5453494728181386,-1.2658229165895902
ENSG00000113263,ITK,-2.0039561531549723,-1.1134188559834748
ENSG00000170231,FABP6,1.6173797294945704,-0.1367129407210168
ENSG00000204764,RANBP17,-2.963977478886349,-1.4857413915129585
ENSG00000213316,LTC4S,2.249943545216325,-0.2827578561837624
ENSG00000165810,BTNL9,-0.9958909085606872,-1.8552842137014376
ENSG00000021355,SERPINB1,-1.7190547667499938,-1.276675873539978
ENSG00000170542,SERPINB9,-1.956215757389825,-1.29291422260007
ENSG00000137266,SLC22A23,-0.8650352069276265,-1.146225376667996
ENSG00000124491,F13A1,-0.15399760514429606,-0.7554588480126616
ENSG00000137261,KIAA0319,-2.6853775844526315,-2.637436043319141
ENSG00000137331,IER3,3.3238818089746665,-0.8080731420043801
ENSG00000196260,SFTA2,1.6295986247573182,-0.2602607657702034
ENSG00000204305,AGER,0.034352667830224615,-2.662046864138401
ENSG00000232629,HLA-DQB2,2.7480291246152557,0.0946280473337486
ENSG00000198937,CCDC167,1.455697340667153,-0.7691034998224602
ENSG00000096088,PGC,3.8340440537782503,-0.11470472127216695
ENSG00000069122,ADGRF5,-0.1974592164467047,-0.9476097907761506
ENSG00000151914,DST,-0.9083312395393026,-0.8308154354634341
ENSG00000135315,CEP162,0.027761721885078187,-1.1558726051053452
ENSG00000010810,FYN,-2.527561373549448,-0.9960262845916864
ENSG00000112769,LAMA4,-2.16456762884896,-2.327415948236723
ENSG00000172673,THEMIS,-2.4774629934499823,-2.0680989898753603
ENSG00000093134,VNN3,-0.8767009600496525,-1.6248924254202586
ENSG00000118515,SGK1,1.3256205749492438,-1.191770337768551
ENSG00000131018,SYNE1,-1.5602433720621944,-1.0658150305718774
ENSG00000164691,TAGAP,-1.1203665423376568,-1.968077778044024
ENSG00000112096,SOD2,-1.2944318456459083,-1.2649559170955824
ENSG00000198719,DLL1,0.5026797651386271,-1.0964796731867057
ENSG00000078401,EDN1,3.876029142726366,-0.4824944151994951
ENSG00000112149,CD83,-0.36768006448292895,-0.7260297598977684
ENSG00000172201,ID4,2.7217187021835687,-0.7253087332962395
ENSG00000204642,HLA-F,0.5455871798832868,-0.9935769813541336
ENSG00000232810,TNF,0.238228549776124,-0.805049485554916
ENSG00000204482,LST1,0.3627794331184812,-0.21187820747032024
ENSG00000243649,CFB,2.818090876291224,-0.33630217369875354
ENSG00000204287,HLA-DRA,3.907966714033777,-0.6244754871451422
ENSG00000196735,HLA-DQA1,0.5603354124297327,-0.3387592253608189
ENSG00000164530,PI16,0.2897076296581175,-0.8182724570054309
ENSG00000112715,VEGFA,3.4773689627829327,-0.9347599522482332
ENSG00000137269,LRRC1,-0.5923519845812943,-0.9441011956520936
ENSG00000156535,CD109,-1.7059047971079642,-2.342056443363929
ENSG00000196586,MYO6,-1.0129669970718171,-1.090509741084447
ENSG00000135318,NT5E,-1.7819997388298041,-1.1094526373619298
ENSG00000057657,PRDM1,0.5836978998721237,-0.836689586055779
ENSG00000118690,ARMC2,-1.5762857613318682,-1.002268631993661
ENSG00000198523,PLN,5.138665991319719,1.2885534875153013
ENSG00000152661,GJA1,2.373889039619976,-0.8939111635936067
ENSG00000196569,LAMA2,-1.9444493007241288,-0.4760003490381117
ENSG00000118513,MYB,0.31117838736692444,-0.8987201813268081
ENSG00000203734,ECT2L,-1.3870547935327588,-1.238852045079767
ENSG00000112414,ADGRG6,0.5934706437012562,-0.9410955594100908
ENSG00000118492,ADGB,-1.6748532978369703,-1.4793743809245532
ENSG00000131016,AKAP12,-0.4345328263341964,-0.15428299195370984
ENSG00000120262,CCDC170,1.4414087598048355,-0.3029727596143842
ENSG00000146457,WTAP,-1.6112003456086268,-1.0607450934503893
ENSG00000112486,CCR6,-0.22782622188609955,-1.085314096613453
ENSG00000106541,AGR2,3.4217272710686117,-0.7614300937609989
ENSG00000173467,AGR3,1.9873123704547715,-0.9351331177678436
ENSG00000105849,TWISTNB,1.6508348113442208,-1.1118012040038003
ENSG00000136237,RAPGEF5,-1.1101985026269978,-0.9433346646237928
ENSG00000227191,TRGC2,1.9765949995435088,-0.6195258997534345
ENSG00000211689,TRGC1,1.5711957082129075,-0.968818266995918
ENSG00000127952,STYXL1,0.26264274928390835,-0.929848204205548
ENSG00000186472,PCLO,-2.1805072526973035,-2.682499187157326
ENSG00000170381,SEMA3E,-0.2880083478913264,-0.9937027407488828
ENSG00000004799,PDK4,-0.2688473714032998,-1.03792895346347
ENSG00000160862,AZGP1,3.1070845524127044,-0.28862372600643355
ENSG00000185055,EFCAB10,0.3555416330401435,-0.6730926851411728
ENSG00000091136,LAMB1,-0.6630605408807027,-0.301511753939108
ENSG00000008311,AASS,0.6049872714564777,-1.2094317304634408
ENSG00000128567,PODXL,0.3995565590895317,-0.9719269058357656
ENSG00000105939,ZC3HAV1,-1.5824712589327694,-1.1774710960185566
ENSG00000106617,PRKAG2,-1.392527541341953,-1.3280945911224646
ENSG00000106018,VIPR2,0.8954959308324945,-1.1356195164699017
ENSG00000105877,DNAH11,-3.2702426990420483,-2.634824917356872
ENSG00000136244,IL6,1.4913324088081596,-1.8058560245040265
ENSG00000240583,AQP1,3.576691523285496,-0.08030553319554543
ENSG00000106341,PPP1R17,0.4618653154552392,-0.5803409976130742
ENSG00000281103,TRG-AS1,-1.1207671198685052,-1.1118155294960903
ENSG00000049540,ELN,-0.3636621752608653,-0.024495572621547262
ENSG00000106211,HSPB1,2.255873665915596,-0.8045728963381192
ENSG00000135218,CD36,-0.6444924316887263,-0.7989243328764183
ENSG00000105792,CFAP69,-0.8743143439443067,-1.0181963091476138
ENSG00000164692,COL1A2,1.4643618013011055,-0.8978171878465215
ENSG00000106366,SERPINE1,-1.5142404230700617,-1.7498114839835128
ENSG00000128536,CDHR3,-1.5958733234511229,-1.8849259825108582
ENSG00000105971,CAV2,1.9723839432083818,-0.7918202469260877
ENSG00000105974,CAV1,3.061049128297733,0.4050744312405607
ENSG00000155530,LRGUK,-2.558944424356008,-2.2195621488353536
ENSG00000172331,BPGM,1.0636966642352992,-1.004046865294781
ENSG00000122786,CALD1,-1.9949203777254885,-1.241762108616682
ENSG00000105948,TTC26,0.046635146026712405,-1.0414165657854382
ENSG00000211751,TRBC1,3.213599786692248,-0.7096782872062043
ENSG00000211772,TRBC2,3.370139739125385,-0.4374183876062748
ENSG00000126870,WDR60,0.05192110164004536,-1.0322928804583884
ENSG00000164733,CTSB,-1.0216143872154322,-0.8343484768079119
ENSG00000129422,MTUS1,-0.7881987608732244,-0.9772950223001546
ENSG00000134020,PEBP4,1.061183525322782,-0.3974964109504843
ENSG00000173530,TNFRSF10D,-1.9828617692353965,-1.1208410857634152
ENSG00000120875,DUSP4,2.476838847356902,-0.5805404922942646
ENSG00000156675,RAB11FIP1,0.8408333499192411,0.1894345962218012
ENSG00000077782,FGFR1,-1.5660154145642262,-1.1514015179951569
ENSG00000104368,PLAT,-0.2797982034482132,-0.8809844769764131
ENSG00000170323,FABP4,1.4927804621271152,-0.7368666096435882
ENSG00000164949,GEM,-0.7442598367053195,-0.964165545808896
ENSG00000154188,ANGPT1,-0.5180992361807913,-1.9147556954367542
ENSG00000156804,FBXO32,0.03230593158772335,-1.1436394860046384
ENSG00000104419,NDRG1,-0.2432667106770177,-1.2358676510748032
ENSG00000283992,SLURP2,1.2414310296361166,-1.169871289196306
ENSG00000171711,DEFB4A,4.9916896708768865,1.2289785063563878
ENSG00000003989,SLC7A2,0.31574557141359944,-1.0940698794570307
ENSG00000175445,LPL,0.8648032561410464,-0.7137141024519099
ENSG00000168484,SFTPC,2.0043294150506448,0.5903373046261875
ENSG00000008853,RHOBTB2,1.0166845877808528,-0.9888254292108728
ENSG00000147454,SLC25A37,-0.19681727491155776,-0.9685805839403894
ENSG00000147573,TRIM55,1.31451434479886,-1.134113434076296
ENSG00000046889,PREX2,-2.363951596233354,-1.1190927825514452
ENSG00000164749,HNF4G,-1.8831116181015517,-2.1347042056785344
ENSG00000164953,TMEM67,-1.4176679681750768,-1.6184822061160666
ENSG00000177459,ERICH5,1.9253571056283871,-0.9756441378425262
ENSG00000253320,AZIN1-AS1,-1.2358649213896404,-0.7607675552093658
ENSG00000160972,PPP1R16A,2.9050833365567303,-0.8951099190609817
ENSG00000106686,SPATA6L,-2.548295927939209,-2.521623020224256
ENSG00000147862,NFIB,-0.5280944855691522,-0.8010301608413891
ENSG00000173068,BNC2,-2.642276406083913,-1.8890932215600633
ENSG00000147872,PLIN2,0.31521705887231954,0.08829454756195408
ENSG00000147883,CDKN2B,-0.0819058277147114,-1.1968640223366076
ENSG00000164972,C9orf24,2.3828050874857563,-1.3520480830645485
ENSG00000172724,CCL19,5.393950530219397,1.0789242978429314
ENSG00000198467,TPM2,3.122109186731917,0.27701884985055064
ENSG00000137098,SPAG8,1.0889651122740718,-0.8214693686390773
ENSG00000180071,ANKRD18A,1.9779096839433992,-0.9914524334428688
ENSG00000154529,CNTNAP3B,-1.1304420003253095,-1.4672720541719602
ENSG00000119138,KLF9,1.1478611885716166,-0.9672498627889576
ENSG00000135048,CEMIP2,-2.2904758378304204,-1.2117400998345875
ENSG00000106772,PRUNE2,-1.1604824949285522,-1.1786224180295373
ENSG00000083223,TUT7,-1.3978541882902489,-1.4108902825699958
ENSG00000106809,OGN,0.10982175964175207,0.4954359228118833
ENSG00000165124,SVEP1,-2.401699644015763,-2.2193899538446065
ENSG00000106948,AKNA,-0.9025437851194092,-0.9867459964265518
ENSG00000181634,TNFSF15,0.572661988940227,-0.9485344881855962
ENSG00000041982,TNC,-0.7243488867265576,-1.08167299348292
ENSG00000148219,ASTN2,-1.5023483993972298,-1.2948067261585388
ENSG00000056558,TRAF1,-2.922101372720069,-2.8445705080477737
ENSG00000187239,FNBP1,-1.6167758884039616,-0.994261129472194
ENSG00000160345,C9orf116,2.4908277470025744,-0.36783071520627
ENSG00000260220,CCDC187,0.6037480354373679,-1.0219480411529631
ENSG00000169583,CLIC3,2.9602558323116313,-0.7113648447625386
ENSG00000107281,NPDC1,3.3693896338806404,-0.4463658375566352
ENSG00000137033,IL33,1.5869312268714688,-0.7626039238524529
ENSG00000188352,FOCAD,-1.2549539340848548,-1.4049439623205764
ENSG00000122735,DNAI1,-0.7629150795844032,-1.0016617866631978
ENSG00000165072,MAMDC2,-1.2475521617593406,-1.5577656110981786
ENSG00000148120,AOPEP,-1.5254147286327409,-1.537036127590124
ENSG00000106701,FSD1L,-0.05084799132136657,-1.2605412838817929
ENSG00000229314,ORM1,2.596531432925834,-0.7882771746688852
ENSG00000182752,PAPPA,0.3109950622883351,-1.6061632637519452
ENSG00000160401,CFAP157,-0.5474726646579273,-1.4770069016042269
ENSG00000148346,LCN2,3.1525012182661243,-0.6225905380018459
ENSG00000167113,COQ4,1.8925879444971323,-0.964590392487593
ENSG00000182162,P2RY8,-1.6484886529248255,-1.0934395743872898
ENSG00000183943,PRKX,-1.2145460288521706,-1.0516416324040774
ENSG00000165197,VEGFD,3.5069717514030803,0.003445237587214032
ENSG00000101955,SRPX,2.3775712848908803,-0.6581873490043645
ENSG00000155659,VSIG4,2.0842384771565863,0.11162011977269996
ENSG00000078596,ITM2A,2.05315853551783,-0.33579028892307755
ENSG00000123496,IL13RA2,2.5437854797487307,-0.4529016116782589
ENSG00000147257,GPC3,1.776623076850378,-0.7882188850304754
ENSG00000196924,FLNA,-0.010280933283019641,-0.8993830159955685
ENSG00000185010,F8,0.18343636496637974,-1.3498817547912991
ENSG00000056998,GYG2,-3.895217412800451e-05,-1.216595035622509
ENSG00000156298,TSPAN7,0.869019833774693,-1.8844406542665968
ENSG00000130988,RGN,0.8148680066185706,-0.8926689193129261
ENSG00000102265,TIMP1,2.9012351999297317,-0.7221540649010956
ENSG00000184205,TSPYL2,-0.997002550759121,-1.179221653042197
ENSG00000274536,AL034397.3,1.2580799921353116,-0.5274411134603779
ENSG00000080572,PIH1D3,2.3107037011343823,-0.9609753215265296
ENSG00000022267,FHL1,1.1336784352861178,-1.7681157363096225
ENSG00000029993,HMGB3,3.1935494168483154,0.2228467853075176
