gene_id,gene_name,log(velocity_gamma)
ENSMUSG00000025909,Sntg1,3.2093129661380133
ENSMUSG00000098234,Snhg6,-1.87616377485618
ENSMUSG00000005886,Ncoa2,1.1053667260103943
ENSMUSG00000032719,Sbspon,-1.5341797091927185
ENSMUSG00000025939,Ube2w,1.1766199115760558
ENSMUSG00000041859,Mcm3,-3.987941769923333
ENSMUSG00000026153,Fam135a,0.6091994875124713
ENSMUSG00000033569,Adgrb3,3.5616958714455484
ENSMUSG00000026116,Tmem131,0.14414752900771186
ENSMUSG00000003134,Tbc1d8,0.8049783165280466
ENSMUSG00000008136,Fhl2,-1.048992097637728
ENSMUSG00000026049,Tex30,-2.6586186712231714
ENSMUSG00000073678,Pgap1,-1.0503751345233954
ENSMUSG00000052331,Ankrd44,1.4501171574375482
ENSMUSG00000038174,Fam126b,-1.0609871362065972
ENSMUSG00000040865,Ino80d,0.15419742159198788
ENSMUSG00000025959,Klf7,-1.188928440415269
ENSMUSG00000025955,Akr1cl,-1.7307289251033466
ENSMUSG00000026193,Fn1,-1.2342371854297116
ENSMUSG00000039395,Mreg,-2.0065820113625623
ENSMUSG00000026185,Igfbp5,-2.0187367348430114
ENSMUSG00000006301,Tmbim1,-3.1687729512503804
ENSMUSG00000055197,Fev,-6.500154519667996
ENSMUSG00000006546,Cryba2,-3.1576939465832914
ENSMUSG00000026204,Ptprn,-2.6783977139288475
ENSMUSG00000033061,Resp18,-4.9960145549157815
ENSMUSG00000026235,Epha4,-0.09223587731864667
ENSMUSG00000073643,Wdfy1,-0.3596212084882005
ENSMUSG00000026249,Serpine2,-2.4099250776196284
ENSMUSG00000004364,Cul3,-1.2584197680596256
ENSMUSG00000026163,Sphkap,0.5392130606152361
ENSMUSG00000036766,Dner,-0.5709640617056292
ENSMUSG00000055866,Per2,0.181895299292466
ENSMUSG00000014602,Kif1a,-1.6592751621062722
ENSMUSG00000026281,Dtymk,-0.7462650859065372
ENSMUSG00000026335,Pam,-0.4702724653789309
ENSMUSG00000047496,Rnf152,-0.9518949564128548
ENSMUSG00000057329,Bcl2,0.3310763478191948
ENSMUSG00000026385,Dbi,-4.810635914825495
ENSMUSG00000036815,Dpp10,1.7002119467419652
ENSMUSG00000026347,Tmem163,0.2447781465906896
ENSMUSG00000026355,Mcm6,-2.262917844936931
ENSMUSG00000026442,Nfasc,-0.30010181245420225
ENSMUSG00000026463,Atp2b4,-0.5829772288031462
ENSMUSG00000020423,Btg2,-5.65488288790221
ENSMUSG00000009418,Nav1,-1.1096398594359045
ENSMUSG00000052748,Swt1,-1.1278377214834168
ENSMUSG00000042684,Npl,-2.3488008787210743
ENSMUSG00000033684,Qsox1,-3.156489414736133
ENSMUSG00000015484,Fam163a,0.8178314147378006
ENSMUSG00000026600,Soat1,-1.3810999952273444
ENSMUSG00000070565,Rasal2,1.1884602138484075
ENSMUSG00000073530,Pappa2,0.11275128650153413
ENSMUSG00000040181,Fmo1,-2.570231493411257
ENSMUSG00000040170,Fmo2,-0.7017024325882625
ENSMUSG00000026576,Atp1b1,-3.606588125714767
ENSMUSG00000026571,Dcaf6,0.7658516289491076
ENSMUSG00000026566,Mpzl1,-1.3834408362971322
ENSMUSG00000026688,Mgst3,-3.805273459919105
ENSMUSG00000052534,Pbx1,2.617182853951308
ENSMUSG00000026663,Atf6,0.10289064804439592
ENSMUSG00000013698,Pea15a,-1.8717384389328988
ENSMUSG00000026527,Rgs7,0.9451716344907486
ENSMUSG00000057335,Cep170,-0.6957942810410341
ENSMUSG00000019699,Akt3,2.0557492451689683
ENSMUSG00000046836,Brox,-2.0845816092223792
ENSMUSG00000056050,Mia3,-0.9681838640231468
ENSMUSG00000039239,Tgfb2,-0.6091179557693163
ENSMUSG00000026605,Cenpf,-2.3373233394287722
ENSMUSG00000010175,Prox1,-0.5634385604283423
ENSMUSG00000026628,Atf3,-1.916810170503864
ENSMUSG00000037474,Dtl,-1.8940627297233519
ENSMUSG00000037395,Rcor3,-1.5628861563938483
ENSMUSG00000033740,St18,0.4642071747152595
ENSMUSG00000051285,Pcmtd1,-0.22262293685743686
ENSMUSG00000056763,Cspp1,0.6844483552469182
ENSMUSG00000016918,Sulf1,0.5562021394903586
ENSMUSG00000092083,Kcnb2,2.6883385296694207
ENSMUSG00000025934,Gsta3,-3.943777742470637
ENSMUSG00000026147,Col9a1,-2.4301025485015555
ENSMUSG00000026058,Khdrbs2,-0.18183732205452247
ENSMUSG00000026131,Dst,-0.18893755432004114
ENSMUSG00000026113,Inpp4a,-0.6435540245890273
ENSMUSG00000026072,Il1r1,-0.5712880899803559
ENSMUSG00000038349,Plcl1,2.319012422533132
ENSMUSG00000041040,Fam117b,-0.037721805077473934
ENSMUSG00000027520,Zdbf2,-2.1991080439463966
ENSMUSG00000025964,Adam23,0.3943359413675868
ENSMUSG00000025958,Creb1,-0.611293129743955
ENSMUSG00000015222,Map2,0.8663525609971138
ENSMUSG00000055567,Unc80,-0.24329115810897464
ENSMUSG00000039323,Igfbp2,-4.42691111994659
ENSMUSG00000026175,Vil1,-2.036448031407462
ENSMUSG00000026203,Dnajb2,-1.9404576410310936
ENSMUSG00000073633,Fbxo36,-0.8827612794188027
ENSMUSG00000026223,Itm2c,-5.659153958142048
ENSMUSG00000070738,Dgkd,0.6837247788276725
ENSMUSG00000055013,Agap1,0.9192369475154278
ENSMUSG00000026270,Capn10,-0.9975558321985888
ENSMUSG00000051185,Fam174a,-3.8456578567159645
ENSMUSG00000067028,Cntnap5b,3.2770167625401565
ENSMUSG00000036155,Mgat5,0.2301231372373833
ENSMUSG00000026349,Ccnt2,-0.7535931808301585
ENSMUSG00000026434,Nucks1,-2.6228953213376203
ENSMUSG00000042046,Dstyk,-0.7689579555059559
ENSMUSG00000026443,Lrrn2,-1.0767974812824588
ENSMUSG00000041757,Plekha6,-0.5144191393827878
ENSMUSG00000042207,Kdm5b,-1.0520236317527198
ENSMUSG00000026421,Csrp1,-0.7251717362745184
ENSMUSG00000026473,Glul,-2.4102295481905966
ENSMUSG00000015829,Tnr,1.5338483663684968
ENSMUSG00000038034,Igsf8,-1.9521815633283928
ENSMUSG00000026547,Tagln2,-1.7907408082393772
ENSMUSG00000028354,Fmn2,0.2634631220407657
ENSMUSG00000026504,Sdccag8,-0.4976506297453882
ENSMUSG00000038949,Cnst,-0.471824902757925
ENSMUSG00000026490,Cdc42bpa,0.5414085228005842
ENSMUSG00000038855,Itpkb,-0.2262544476383719
ENSMUSG00000026520,Pycr2,-4.445337791997335
ENSMUSG00000026519,Tmem63a,-1.5459194582629794
ENSMUSG00000039384,Dusp10,-1.5642737428158733
ENSMUSG00000039318,Rab3gap2,0.4684292655853873
ENSMUSG00000026617,Bpnt1,-2.4574513788062013
ENSMUSG00000026610,Esrrg,2.176668406197179
ENSMUSG00000099404,Gm28172,-0.4231592196867871
ENSMUSG00000079045,Prox1os,-1.5905750893606956
ENSMUSG00000096054,Syne1,-0.7142210835847959
ENSMUSG00000019773,Fbxo5,-3.628237514800391
ENSMUSG00000019775,Rgs17,-1.1304129728500611
ENSMUSG00000015202,Cnksr3,0.15742067043277358
ENSMUSG00000060487,Samd5,0.009848741534732223
ENSMUSG00000050994,Adgb,0.10847155136395607
ENSMUSG00000039116,Adgrg6,0.32670771850378905
ENSMUSG00000078453,Abracl,-2.4534556001413903
ENSMUSG00000019852,Arfgef3,-0.5808836337401622
ENSMUSG00000037370,Enpp1,-1.3213316799509056
ENSMUSG00000019987,Arg1,-3.4503015476249908
ENSMUSG00000049420,Tmem200a,0.18107995298952406
ENSMUSG00000075266,Cenpw,-1.9400660391803402
ENSMUSG00000039697,Ncoa7,-0.3327985528682762
ENSMUSG00000063760,Rnf217,0.2600673979186862
ENSMUSG00000069662,Marcks,-2.4984900559542345
ENSMUSG00000019838,Slc16a10,0.2096947198381536
ENSMUSG00000048756,Foxo3,-0.3918528664795025
ENSMUSG00000038248,Sobp,0.4093255138110426
ENSMUSG00000056073,Grik2,2.6085461325611483
ENSMUSG00000019861,Gopc,-0.9917311836924254
ENSMUSG00000019877,Serinc1,-2.219399483261584
ENSMUSG00000012819,Cdh23,0.6531927262844729
ENSMUSG00000036923,Stox1,-0.08217390372605528
ENSMUSG00000042846,Lrrtm3,0.8379592192708601
ENSMUSG00000019947,Arid5b,0.6902373511095511
ENSMUSG00000019942,Cdk1,-2.3489488732152792
ENSMUSG00000037747,Phyhipl,-1.5794588587047589
ENSMUSG00000014329,Bicc1,0.4904584335341431
ENSMUSG00000001663,Gstt1,-2.9662516685445284
ENSMUSG00000033318,Gstt2,-1.466052802534242
ENSMUSG00000033307,Mif,-5.0850425110192266
ENSMUSG00000001435,Col18a1,-0.9880494694876292
ENSMUSG00000020312,Shc2,-0.4684071443062646
ENSMUSG00000034758,Tle6,-3.087246032890675
ENSMUSG00000020048,Hsp90b1,-3.7105071762830018
ENSMUSG00000047638,Nr1h4,-0.12734701252886355
ENSMUSG00000035798,Zdhhc17,0.3356559035119893
ENSMUSG00000052681,Rap1b,-3.1726241179521466
ENSMUSG00000056758,Hmga2,0.1908736333172799
ENSMUSG00000025795,Rassf3,0.19687250965985129
ENSMUSG00000040415,Dtx3,-2.154407875967105
ENSMUSG00000025409,Mbd6,0.3463843772119031
ENSMUSG00000002578,Ikzf4,-1.0660363532335246
ENSMUSG00000000711,Rab5b,0.22252127774216407
ENSMUSG00000025350,Rdh5,0.18494187077078827
ENSMUSG00000040653,Ppp1r14c,-1.6406804678928475
ENSMUSG00000019796,Lrp11,-1.9257339542892484
ENSMUSG00000039835,Nhsl1,0.06718143182032034
ENSMUSG00000019986,Ahi1,-1.1167546098356311
ENSMUSG00000019998,Stx7,-2.2077725824610765
ENSMUSG00000019843,Fyn,-0.14979028352105048
ENSMUSG00000019841,Rev3l,0.8644259057724123
ENSMUSG00000019831,Wasf1,-1.2151627455119531
ENSMUSG00000047139,Cd24a,-6.4694882190922804
ENSMUSG00000038774,Ascc3,0.25555064284040463
ENSMUSG00000019913,Sim1,0.8301623104190805
ENSMUSG00000019900,Rfx6,1.1585427715866572
ENSMUSG00000019891,Dcbld1,0.6540968968827356
ENSMUSG00000050953,Gja1,-3.0915693921661878
ENSMUSG00000019878,Hsf2,-0.2892742726634074
ENSMUSG00000019876,Pkib,-1.501495268341097
ENSMUSG00000019872,Smpdl3a,-3.4302450600497547
ENSMUSG00000038039,Gcc2,-0.5990448207857454
ENSMUSG00000019916,P4ha1,-1.285882779258391
ENSMUSG00000058297,Spock2,-0.7809900304000666
ENSMUSG00000044312,Neurog3,-7.044077190055598
ENSMUSG00000020072,Pbld2,-0.1336578006136758
ENSMUSG00000036764,Dnajc12,-3.3474302801601543
ENSMUSG00000060843,Ctnna3,2.303838607016966
ENSMUSG00000019923,Zwint,-2.259528572886666
ENSMUSG00000052613,Pcdh15,1.9062489388974704
ENSMUSG00000040009,Gnaz,-2.845848943066993
ENSMUSG00000020175,Rab36,-0.9112855288275395
ENSMUSG00000009681,Bcr,0.07517574473876265
ENSMUSG00000033427,Upb1,-1.91619054420922
ENSMUSG00000033208,S100b,-2.746881989896376
ENSMUSG00000069581,Tspear,0.6072906092527618
ENSMUSG00000019564,Arid3a,-1.4533794393165904
ENSMUSG00000004665,Cnn2,-1.5163835477959635
ENSMUSG00000035722,Abca7,-0.2796071624678103
ENSMUSG00000035504,Reep6,-2.2887924503139963
ENSMUSG00000034949,Zfr2,0.7777692637925256
ENSMUSG00000087651,1500009L16Rik,-3.5811402178565466
ENSMUSG00000020034,Tcp11l2,-3.156397275578978
ENSMUSG00000020042,Btbd11,1.6232007091690344
ENSMUSG00000054027,Nt5dc3,-0.2077674591358226
ENSMUSG00000020051,Pah,-1.2690205039617686
ENSMUSG00000020053,Igf1,-1.3961311440198716
ENSMUSG00000020019,Ntn4,1.1720963972117728
ENSMUSG00000020021,Fgd6,0.4533713897049664
ENSMUSG00000020023,Tmcc3,-0.11709172466689916
ENSMUSG00000020024,Cep83,-0.7971384784688097
ENSMUSG00000036499,Eea1,-0.8627116481446782
ENSMUSG00000019943,Atp2b1,-1.6145862926289871
ENSMUSG00000019971,Cep290,-1.1586233143981322
ENSMUSG00000020186,Csrp2,-3.5385132406400843
ENSMUSG00000020189,Osbpl8,1.1582372580573321
ENSMUSG00000020205,Phlda1,-3.6058409552304087
ENSMUSG00000035681,Kcnc2,1.374611455976322
ENSMUSG00000020151,Ptprr,-0.4068870185438347
ENSMUSG00000020183,Cpm,-0.5823735423217603
ENSMUSG00000020212,Mdm1,-1.0551634210022078
ENSMUSG00000034707,Gns,-0.6844483255453984
ENSMUSG00000025408,Ddit3,-0.03997865231661357
ENSMUSG00000025395,Prim1,-1.833384035723056
ENSMUSG00000040054,Baz2a,-0.8923599703942661
ENSMUSG00000025351,Cd63,-5.683467478643293
ENSMUSG00000020451,Limk2,0.2029757821618557
ENSMUSG00000034164,Emid1,-2.171059848840373
ENSMUSG00000049680,Urgcp,1.5736359630425734
ENSMUSG00000041798,Gck,0.3529807186835599
ENSMUSG00000057897,Camk2b,-1.5103626929317169
ENSMUSG00000020182,Ddc,-0.10373683454172866
ENSMUSG00000020176,Grb10,0.4987566457640963
ENSMUSG00000042302,Ehbp1,1.3273917152265486
ENSMUSG00000042208,0610010F05Rik,-0.15790547023826113
ENSMUSG00000044072,Eml6,2.1136941650559686
ENSMUSG00000060923,Acyp2,-0.7102497594696617
ENSMUSG00000020309,Chac2,-1.6983656881797289
ENSMUSG00000018849,Wwc1,0.9360456717587984
ENSMUSG00000020330,Hmmr,-2.0300822442593667
ENSMUSG00000020340,Cyfip2,-0.5835364697910013
ENSMUSG00000040365,Trim41,-1.0631295047992375
ENSMUSG00000015837,Sqstm1,-1.7807206023324016
ENSMUSG00000018593,Sparc,-4.576754269601562
ENSMUSG00000049755,Zfp672,-1.1219931122799855
ENSMUSG00000049154,Fam183b,-5.327938409926522
ENSMUSG00000020444,Guk1,-4.8440353009785895
ENSMUSG00000000538,Tom1l2,0.8925410066257706
ENSMUSG00000002812,Flii,-1.1113581633151466
ENSMUSG00000056752,Dnah9,0.3123692216125937
ENSMUSG00000020899,Pfas,-0.9871974872404352
ENSMUSG00000018476,Kdm6b,-2.160047181103056
ENSMUSG00000045667,Smtnl2,-3.6835329322679287
ENSMUSG00000038807,Rap1gap2,1.2244334503744003
ENSMUSG00000020848,Doc2b,0.15696050001120102
ENSMUSG00000020847,Rph3al,-0.4986812659077249
ENSMUSG00000044328,Trp53i13,-2.9548026368273663
ENSMUSG00000017386,Traf4,-4.0202236615805225
ENSMUSG00000037278,Tmem97,-3.7270589846859683
ENSMUSG00000017376,Nlk,1.2678939724403382
ENSMUSG00000017677,Wsb1,-2.7115750561109
ENSMUSG00000020704,Asic2,1.625468729506628
ENSMUSG00000019122,Ccl9,-3.4405346352060038
ENSMUSG00000000804,Usp32,0.6785808548762211
ENSMUSG00000034297,Med13,-0.2910777512488416
ENSMUSG00000018425,Dhx40,-1.4187066085667694
ENSMUSG00000018427,Ypel2,0.32554619277204044
ENSMUSG00000061666,Gdpd1,-1.6014115599537675
ENSMUSG00000000278,Scpep1,-1.9597957797535093
ENSMUSG00000038967,Pdk2,-1.1640837248356148
ENSMUSG00000070337,Gpr179,0.7670810518447048
ENSMUSG00000020883,Fbxl20,0.5357884437494953
ENSMUSG00000020914,Top2a,-0.8014997680034772
ENSMUSG00000006777,Krt23,-2.7248419975020743
ENSMUSG00000020911,Krt19,-3.429578029200588
ENSMUSG00000006930,Hap1,-4.438473395916266
ENSMUSG00000001552,Jup,-1.9242292769618363
ENSMUSG00000006931,P3h4,-3.3983961088929444
ENSMUSG00000020917,Acly,-2.8732879939497145
ENSMUSG00000004040,Stat3,-0.06468562529018998
ENSMUSG00000017314,Mpp2,-1.1037513108517667
ENSMUSG00000017316,Ppy,-2.0353331006457926
ENSMUSG00000017311,Pyy,-5.489389425557502
ENSMUSG00000008855,Hdac5,-1.872252753395936
ENSMUSG00000078619,Smarcd2,-4.2517630154097406
ENSMUSG00000020715,Ern1,0.6700450187818974
ENSMUSG00000018362,Kpna2,-2.8689780088705024
ENSMUSG00000040430,Pitpnc1,1.1475427604542852
ENSMUSG00000020723,Cacng4,-0.8362888788813135
ENSMUSG00000050965,Prkca,1.2180548946237453
ENSMUSG00000020599,Rgs9,0.4247485156657818
ENSMUSG00000041895,Wipi1,-1.9611957508889053
ENSMUSG00000087259,2610035D17Rik,2.163867590002136
ENSMUSG00000041592,Sdk2,0.3912728054677639
ENSMUSG00000000202,Btbd17,-4.128561108330906
ENSMUSG00000020734,Grin2c,-0.9150991171290942
ENSMUSG00000020766,Galk1,-3.5529749944416427
ENSMUSG00000016559,H3f3b,-6.18081574604187
ENSMUSG00000020773,Trim47,-3.080729099297136
ENSMUSG00000020792,Exoc7,-2.7370341056291183
ENSMUSG00000020802,Ube2o,-0.8964121270721823
ENSMUSG00000057286,St6galnac2,-3.0468149374941134
ENSMUSG00000020814,Mxra7,-0.4792361985513638
ENSMUSG00000025574,Tk1,-3.2919270094648017
ENSMUSG00000025576,Rbfox3,0.9846260485526546
ENSMUSG00000039976,Tbc1d16,-0.7515850101503486
ENSMUSG00000042988,Notum,-2.8825441338373423
ENSMUSG00000048445,Ccdc57,1.1593292670038635
ENSMUSG00000020484,Xbp1,-3.911125558254357
ENSMUSG00000020407,Upp1,-3.3243649599082565
ENSMUSG00000020134,Peli1,0.2603135478000747
ENSMUSG00000056342,Usp34,-0.7041126825249828
ENSMUSG00000032740,Ccdc88a,-0.3045752554885732
ENSMUSG00000020300,Cpeb4,-1.0709229025995541
ENSMUSG00000044707,Ccnjl,-0.6241314160017088
ENSMUSG00000044950,Pwwp2a,-0.9303263976054399
ENSMUSG00000019189,Rnf145,-1.2580035262623204
ENSMUSG00000057098,Ebf1,0.1643055725002191
ENSMUSG00000040350,Trim7,-1.0644730702374092
ENSMUSG00000020376,Rnf130,-0.4433136527154499
ENSMUSG00000035992,Fnip1,0.3971622680630975
ENSMUSG00000018339,Gpx3,-5.689663113625529
ENSMUSG00000020261,Slc36a1,-1.5099010413240617
ENSMUSG00000042298,Ttc19,-0.4624995355171012
ENSMUSG00000048497,Mmgt2,-1.6189898876414153
ENSMUSG00000020897,Aurkb,-3.752582740157471
ENSMUSG00000020895,Tmem107,-3.0715919606032465
ENSMUSG00000018569,Cldn7,-4.1282725625234065
ENSMUSG00000020886,Dlg4,-0.3305546401831828
ENSMUSG00000040746,Rnf167,-1.9240555794138985
ENSMUSG00000020788,Atp2a3,-1.8394983302103904
ENSMUSG00000045287,Rtn4rl1,-0.1088674354969797
ENSMUSG00000038178,Slc43a2,0.4156842477135109
ENSMUSG00000037857,Nufip2,1.0094063599558514
ENSMUSG00000037750,Fam222b,-0.1765496065939572
ENSMUSG00000041958,Pigs,-2.238303204783888
ENSMUSG00000017692,Rhbdl3,1.0749648796621167
ENSMUSG00000018930,Ccl4,-2.5418577721731306
ENSMUSG00000000976,Heatr6,-0.7917040712306208
ENSMUSG00000020679,Hnf1b,-0.280914941220901
ENSMUSG00000087211,Lhx1os,-2.5254971711002456
ENSMUSG00000020525,Ppm1d,-1.4240841657113
ENSMUSG00000018378,Cuedc1,-0.3351950126191557
ENSMUSG00000059474,Mbtd1,0.25140038014249444
ENSMUSG00000037573,Tob1,-3.869796957052984
ENSMUSG00000047181,Samd14,-1.854103791381848
ENSMUSG00000020873,Slc35b1,-1.7014567147688149
ENSMUSG00000014351,Gip,-4.861595998019599
ENSMUSG00000057058,Skap1,0.409759009438141
ENSMUSG00000047040,Prr15l,-3.4021330192345083
ENSMUSG00000049807,Arhgap23,0.6392735599922885
ENSMUSG00000078676,Casc3,-0.27261054072818164
ENSMUSG00000017165,Gast,-6.1582908104516685
ENSMUSG00000017837,Nkiras2,-2.2137121697572844
ENSMUSG00000035007,Rundc1,-0.6828318668161861
ENSMUSG00000017119,Nbr1,-0.6238896241051508
ENSMUSG00000018411,Mapt,-0.4035151604923321
ENSMUSG00000053580,Tanc2,1.1753143456534538
ENSMUSG00000001901,Kcnh6,0.9668029172754958
ENSMUSG00000020700,Map3k3,0.7276239667565215
ENSMUSG00000020611,Gna13,-1.1698583108795184
ENSMUSG00000020610,Amz2,-0.8988312151658917
ENSMUSG00000000567,Sox9,-3.702790566516607
ENSMUSG00000018661,Cog1,-2.157719639194072
ENSMUSG00000034714,Ttyh2,-1.0965411449677327
ENSMUSG00000010021,Kif19a,-0.11071504783503608
ENSMUSG00000020732,Rab37,-2.75618408117317
ENSMUSG00000045775,Slc16a5,-1.7891295704454109
ENSMUSG00000050628,Ubald2,-2.9815630922025687
ENSMUSG00000025571,Tnrc6c,0.09743845886543548
ENSMUSG00000017716,Birc5,-3.7754462172316914
ENSMUSG00000071456,1110002L01Rik,0.016105999256510982
ENSMUSG00000092286,Dtnbos,-0.06615294361652997
ENSMUSG00000020644,Id2,-3.110835585379576
ENSMUSG00000002996,Hbp1,-2.9038625507950844
ENSMUSG00000020577,Tspan13,-3.198552744795772
ENSMUSG00000002565,Scin,-1.4919513207128787
ENSMUSG00000014905,Dnajb9,-5.100800889497542
ENSMUSG00000035021,Baz1a,-1.366712071821835
ENSMUSG00000021025,Nfkbia,-2.451175244586409
ENSMUSG00000047534,Mis18bp1,-0.6791520508469236
ENSMUSG00000020990,Cdkl1,-1.3014537051078832
ENSMUSG00000034761,Map4k5,0.05046057777528876
ENSMUSG00000021068,Nin,-0.035831343561314
ENSMUSG00000021069,Pygl,-1.5471433915578807
ENSMUSG00000021071,Trim9,0.0013101413898434122
ENSMUSG00000021087,Rtn1,-2.367162718896198
ENSMUSG00000021094,Dhrs7,-2.1111365309851577
ENSMUSG00000042808,Gpx2,-4.730677968323427
ENSMUSG00000021062,Rab15,-1.3637815665098392
ENSMUSG00000021127,Zfp36l1,-1.6378103297086803
ENSMUSG00000042350,Arel1,-0.29634058273122754
ENSMUSG00000021248,Tmed10,-2.2219241457007817
ENSMUSG00000034126,Pomt2,-0.939112733897918
ENSMUSG00000034111,Tmed8,-1.6566916924463368
ENSMUSG00000021038,Vipas39,-1.4455168189278973
ENSMUSG00000020964,Sel1l,0.6673266821454258
ENSMUSG00000051166,Eml5,1.4250305819257063
ENSMUSG00000033713,Foxn3,0.5001893587137398
ENSMUSG00000060807,Serpina6,-6.071906871284225
ENSMUSG00000079015,Serpina1c,-4.98486367847323
ENSMUSG00000021097,Clmn,-0.2079166339830288
ENSMUSG00000048251,Bcl11b,-0.9759142846149806
ENSMUSG00000021270,Hsp90aa1,-3.1332599836858512
ENSMUSG00000001270,Ckb,-4.798135830628956
ENSMUSG00000021285,Ppp1r13b,0.12796489086083604
ENSMUSG00000018581,Dnah11,1.5203572031251706
ENSMUSG00000020661,Dnmt3a,-0.2927040749565932
ENSMUSG00000020571,Pdia6,-4.917575371495379
ENSMUSG00000071379,Hpcal1,-1.9712918154887664
ENSMUSG00000020649,Rrm2,-4.586874576025258
ENSMUSG00000036333,Kidins220,0.016055714416499063
ENSMUSG00000061911,Myt1l,1.419043554085242
ENSMUSG00000002900,Lamb1,-1.1622398009003356
ENSMUSG00000020562,Efcab10,-2.3458337795511346
ENSMUSG00000036095,Dgkb,0.6063556339513011
ENSMUSG00000004151,Etv1,-0.8297694249492452
ENSMUSG00000036257,Pnpla8,-1.6523991205243194
ENSMUSG00000021010,Npas3,1.2162254728635131
ENSMUSG00000021072,Tmx1,-3.8794870374042034
ENSMUSG00000034574,Daam1,0.32566374908547696
ENSMUSG00000071265,1700086L19Rik,-3.0427834206904416
ENSMUSG00000073000,Gm10451,-0.03260026079100814
ENSMUSG00000021065,Fut8,-0.2078578501829038
ENSMUSG00000047454,Gphn,1.199005015269816
ENSMUSG00000021136,Smoc1,-0.008075116167751828
ENSMUSG00000021140,Pcnx,0.33671442157778303
ENSMUSG00000072949,Acot1,-5.2287140121103945
ENSMUSG00000004788,Eif2b2,-2.9076157790983417
ENSMUSG00000021250,Fos,-5.167666368279255
ENSMUSG00000021033,Gstz1,-0.011841939817851305
ENSMUSG00000047414,Flrt2,-0.05101049227457484
ENSMUSG00000021194,Chga,-4.516088636618063
ENSMUSG00000021198,Unc79,1.586811126553605
ENSMUSG00000040856,Dlk1,-4.355592787692856
ENSMUSG00000021268,Meg3,1.580929851770227
ENSMUSG00000021275,Tecpr2,2.0503026863732328
ENSMUSG00000064326,Siva1,-4.760864573385668
ENSMUSG00000006360,Crip1,-3.528314191781667
ENSMUSG00000056553,Ptprn2,3.6180913918787283
ENSMUSG00000021211,Akr1c12,-2.9006086566059786
ENSMUSG00000021147,Wdr37,-0.2749720283601389
ENSMUSG00000046159,Chrm3,1.7059775724813808
ENSMUSG00000009734,Pou6f2,0.8758722392693851
ENSMUSG00000022228,Zscan26,-0.1888124169223975
ENSMUSG00000021337,Scgn,-3.4182344925264903
ENSMUSG00000006715,Gmnn,-3.2128060333800965
ENSMUSG00000044734,Serpinb1a,-3.9576287153583913
ENSMUSG00000046573,Lyrm4,0.3905194426535911
ENSMUSG00000051335,Gfod1,0.3432811461525819
ENSMUSG00000021371,Mcur1,-2.1868243229613453
ENSMUSG00000046876,Atxn1,1.7082397166896452
ENSMUSG00000021377,Dek,-2.8513686915031444
ENSMUSG00000037960,Card19,-5.096052506078778
ENSMUSG00000047842,Diras2,-1.6088413404185768
ENSMUSG00000025871,4833439L19Rik,-2.2911812249786303
ENSMUSG00000047547,Cltb,-0.8099439527340888
ENSMUSG00000034675,Dbn1,-2.916770586896259
ENSMUSG00000021466,Ptch1,-0.3035688008975734
ENSMUSG00000033102,Cdc14b,-0.2432583288241986
ENSMUSG00000021477,Ctsl,-3.410956184258031
ENSMUSG00000049538,Adamts16,1.012005811513659
ENSMUSG00000021619,Atg10,-0.10825135678216252
ENSMUSG00000021708,Rasgrf2,-0.5755592394888285
ENSMUSG00000021676,Iqgap2,0.3673660003869481
ENSMUSG00000051111,Sv2c,0.23597787786683205
ENSMUSG00000021670,Hmgcr,-2.0827597608849784
ENSMUSG00000052485,Tmem171,-4.81191210743525
ENSMUSG00000052727,Map1b,-1.4411845164631008
ENSMUSG00000021638,Ocln,-0.8357067707047229
ENSMUSG00000045273,Cenph,-1.3557217040708271
ENSMUSG00000041431,Ccnb1,-3.903869485893829
ENSMUSG00000041417,Pik3r1,-0.16719602655462165
ENSMUSG00000034751,Mast4,1.3284083561791336
ENSMUSG00000021700,Rab3c,-0.8066395592639816
ENSMUSG00000042364,Snx18,-1.3694179718694626
ENSMUSG00000042258,Isl1,-3.4019970012727216
ENSMUSG00000021213,Akr1c13,-3.8760921209085977
ENSMUSG00000071551,Akr1c19,-1.9191425103337167
ENSMUSG00000000078,Klf6,-3.4568468874178815
ENSMUSG00000057069,Ero1lb,-0.2906186867525717
ENSMUSG00000019726,Lyst,0.5321665966134331
ENSMUSG00000021303,Gng4,-2.2735183535431145
ENSMUSG00000035910,Dcdc2a,-0.06642387062585131
ENSMUSG00000038732,Mboat1,-0.5325626027146121
ENSMUSG00000021420,Fars2,-0.056590245866180326
ENSMUSG00000021360,Gcnt2,0.6409428397166254
ENSMUSG00000021366,Hivep1,-0.5970020040079089
ENSMUSG00000054728,Phactr1,2.8307693009911348
ENSMUSG00000038518,Jarid2,-0.0845290060778931
ENSMUSG00000000253,Gmpr,-2.981801045314701
ENSMUSG00000021392,Nol8,-1.67392310166051
ENSMUSG00000062248,Cks2,-2.5365910522272817
ENSMUSG00000025867,Cplx2,-1.7219543037412208
ENSMUSG00000043183,Simc1,1.0836627659860378
ENSMUSG00000021559,Dapk1,1.5286145501290131
ENSMUSG00000021476,Habp4,-2.012939075345768
ENSMUSG00000001504,Irx2,-3.8449830062222574
ENSMUSG00000021583,Erap1,-0.9329871952960658
ENSMUSG00000021587,Pcsk1,-1.7567706208737015
ENSMUSG00000001542,Ell2,-0.7605197939456965
ENSMUSG00000021591,Glrx,-2.9683615527379716
ENSMUSG00000051098,Mblac2,-0.6963420788164647
ENSMUSG00000021707,Dhfr,-3.060747430931236
ENSMUSG00000021703,Serinc5,-0.6295225456392006
ENSMUSG00000042082,Arsb,-0.9752425411220336
ENSMUSG00000021669,Col4a3bp,0.1709672566703359
ENSMUSG00000021714,Cenpk,-1.157378382368353
ENSMUSG00000021701,Plk2,-3.2451093083656395
ENSMUSG00000047789,Slc38a9,0.98980138280993
ENSMUSG00000021759,Plpp1,-1.0786323241559272
ENSMUSG00000021728,Emb,-2.7625275856446083
ENSMUSG00000025451,Paip1,-0.9457727365647068
ENSMUSG00000093930,Hmgcs1,-1.6220992296924537
ENSMUSG00000054423,Cadps,1.793107127395384
ENSMUSG00000023387,Kcnk16,0.3082125230556016
ENSMUSG00000021811,Dnajc9,-3.5914235053919823
ENSMUSG00000021820,Camk2g,-0.7714672727877849
ENSMUSG00000063142,Kcnma1,2.4315345294716644
ENSMUSG00000015968,Cacna1d,1.5280480143736317
ENSMUSG00000021936,Mapk8,-0.2654485981380856
ENSMUSG00000037824,Tspan14,-1.7661522506270582
ENSMUSG00000037580,Gch1,-3.218158232399273
ENSMUSG00000006288,Ttc5,-1.4269853642198964
ENSMUSG00000035726,Supt16,-0.9781316149114924
ENSMUSG00000022159,Rab2b,0.050522377307324534
ENSMUSG00000022180,Slc7a8,-0.7666512766220035
ENSMUSG00000040721,Zfhx2,-2.1147659257913367
ENSMUSG00000040123,Zmym5,-1.183446550022055
ENSMUSG00000021273,Fdft1,-2.0725289289348834
ENSMUSG00000007989,Fzd3,-0.3657874080431557
ENSMUSG00000059456,Ptk2b,-0.2461362439625517
ENSMUSG00000022048,Dpysl2,-2.513051095104016
ENSMUSG00000022092,Ppp3cc,-0.03922015315343818
ENSMUSG00000033487,Fndc3a,-0.5613888338527616
ENSMUSG00000052584,Serp2,-1.2959635395873603
ENSMUSG00000055421,Pcdh9,2.096049979843956
ENSMUSG00000055639,Dach1,1.4222286703433091
ENSMUSG00000022124,Fbxl3,-1.5236210611062573
ENSMUSG00000056296,Synpr,0.3786709972496343
ENSMUSG00000021733,Slc4a7,-0.2177475111605512
ENSMUSG00000021785,Ngly1,-1.1748139202286958
ENSMUSG00000021772,Nkiras1,-1.968044935922768
ENSMUSG00000039197,Adk,-0.03683509859585758
ENSMUSG00000021767,Kat6b,0.3237313436259225
ENSMUSG00000021895,Arhgef3,0.5878712168830551
ENSMUSG00000021957,Tkt,-3.6118104928754655
ENSMUSG00000021904,Sema3g,-0.4000354255499151
ENSMUSG00000021893,Capn7,-1.0318750832842047
ENSMUSG00000021794,Glud1,-1.2626977150699716
ENSMUSG00000041408,Wapl,-0.3610087498957166
ENSMUSG00000089901,Gm8113,-0.29310515079521804
ENSMUSG00000037628,Cdkn3,-1.7011921371474632
ENSMUSG00000021838,Samd4,0.8446175286481258
ENSMUSG00000037536,Fbxo34,-0.40361816475856654
ENSMUSG00000097431,Gm26782,-1.7325617661525858
ENSMUSG00000021876,Rnase4,-3.831834493000024
ENSMUSG00000072572,Slc39a2,-1.0040283361393518
ENSMUSG00000057132,Rpgrip1,-2.1601095314681618
ENSMUSG00000016831,Tox4,-0.9504633461460518
ENSMUSG00000000957,Mmp14,-3.242323920316387
ENSMUSG00000021987,Mtmr6,-0.7744097319403835
ENSMUSG00000035067,Xkr6,1.3293365271624524
ENSMUSG00000060012,Kif13b,1.3179014881692408
ENSMUSG00000022033,Pbk,-3.965783868075462
ENSMUSG00000022037,Clu,-4.991728950695453
ENSMUSG00000022043,Trim35,-0.12995762614200246
ENSMUSG00000033595,Lgi3,-0.4470774773922792
ENSMUSG00000022010,Tsc22d1,-3.682043671404655
ENSMUSG00000022070,Bora,0.3960140539289854
ENSMUSG00000022132,Cldn10,-4.654487013820488
ENSMUSG00000022136,Dnajc3,-1.4275729598679918
ENSMUSG00000053465,Hs6st3,4.252724571527887
ENSMUSG00000055737,Ghr,1.2225882566204198
ENSMUSG00000045763,Basp1,-0.9795430938025246
ENSMUSG00000022236,Ropn1l,-0.5167012515088949
ENSMUSG00000051359,Ncald,-0.7058118398718599
ENSMUSG00000022292,Rrm2b,1.3128324648295886
ENSMUSG00000037465,Klf10,-1.6300490705032111
ENSMUSG00000038736,Nudcd1,-0.7971345727168243
ENSMUSG00000022340,Sybu,-0.0033762932689347072
ENSMUSG00000022425,Enpp2,-2.1860378428283296
ENSMUSG00000022360,Atad2,-0.21596347734912616
ENSMUSG00000022358,Fbxo32,-1.3318909521565043
ENSMUSG00000062373,Tmem65,-1.6117600565249306
ENSMUSG00000022353,Mtss1,0.05734735154565186
ENSMUSG00000022377,Asap1,0.6428836189734424
ENSMUSG00000005125,Ndrg1,-2.1014389687478894
ENSMUSG00000047921,Trappc9,0.3649050237308976
ENSMUSG00000018169,Mfng,-4.3623344056282285
ENSMUSG00000009035,Tmem184b,-0.08790475775359402
ENSMUSG00000022433,Csnk1e,-2.6932134126113985
ENSMUSG00000022472,Desi1,-1.6262154718653161
ENSMUSG00000022453,Naga,-2.3798007937531835
ENSMUSG00000041852,Tcf20,0.9409771005425944
ENSMUSG00000018042,Cyb5r3,-5.512861102505133
ENSMUSG00000054277,Arfgap3,-0.6768339675280343
ENSMUSG00000016763,Scube1,1.3052900871229336
ENSMUSG00000022382,Wnt7b,-2.1955141609326905
ENSMUSG00000022629,Kif21a,-0.6563139305145963
ENSMUSG00000097536,2610037D02Rik,-0.25301324187652063
ENSMUSG00000022479,Vdr,-1.021376979591316
ENSMUSG00000022999,Lmbr1l,-0.9287203353353001
ENSMUSG00000023004,Tuba1b,-6.727591632135344
ENSMUSG00000072235,Tuba1a,-5.945351219614048
ENSMUSG00000023015,Racgap1,-1.4994819619797723
ENSMUSG00000009733,Tfcp2,0.3134648710611716
ENSMUSG00000049382,Krt8,-2.017820447095575
ENSMUSG00000023055,Calcoco1,-2.2075808690803598
ENSMUSG00000022490,Ppp1r1a,-2.0482718434534606
ENSMUSG00000022186,Oxct1,-0.8536156724659192
ENSMUSG00000049148,Plcxd3,0.4368189972458572
ENSMUSG00000039704,Lmbrd2,-0.7486612435566586
ENSMUSG00000039676,Capsl,-2.1030384435804743
ENSMUSG00000022265,Ank,0.05392382151533805
ENSMUSG00000022240,Ctnnd2,1.515648943002353
ENSMUSG00000039168,Dap,-2.6238026599906643
ENSMUSG00000022231,Sema5a,1.0425148412159888
ENSMUSG00000037646,Vps13b,0.9737240457034168
ENSMUSG00000037617,Spag1,-1.2515666343884695
ENSMUSG00000037386,Rims2,1.9734619455423392
ENSMUSG00000022315,Slc30a8,-0.7652251345954304
ENSMUSG00000024479,Mal2,-1.3552773216523772
ENSMUSG00000022419,Deptor,-0.6492694435798465
ENSMUSG00000022332,Khdrbs3,-0.512988628040681
ENSMUSG00000063704,Mapk15,-3.0293914821833274
ENSMUSG00000049521,Cdc42ep1,-1.1231730601998955
ENSMUSG00000042428,Mgat3,-0.7326769894784012
ENSMUSG00000022408,Fam83f,-0.7024796731145083
ENSMUSG00000047888,Tnrc6b,-0.10607176853819858
ENSMUSG00000068114,Ccdc134,-0.6207508009167718
ENSMUSG00000022463,Srebf2,-0.12722969012580018
ENSMUSG00000051864,Tbc1d22a,0.0017144295254795025
ENSMUSG00000023272,Creld2,-5.856042338203764
ENSMUSG00000022619,Mapk8ip2,-1.5076979932325485
ENSMUSG00000055022,Cntn1,-0.20571911732636147
ENSMUSG00000097068,Gm26760,0.3090530281014017
ENSMUSG00000036218,Pdzrn4,-0.058277734162925074
ENSMUSG00000064210,Ano6,-0.029758669413657037
ENSMUSG00000044250,Pced1b,1.3626338713324817
ENSMUSG00000043091,Tuba1c,-2.033131631751965
ENSMUSG00000000531,Grasp,-1.7614194964515215
ENSMUSG00000023034,Nr4a1,-2.627824979316157
ENSMUSG00000023039,Krt7,-4.689249755836504
ENSMUSG00000023043,Krt18,-3.317931066169138
ENSMUSG00000046434,Hnrnpa1,-5.4145113753765335
ENSMUSG00000022519,Srl,-0.8746859398198512
ENSMUSG00000022505,Emp2,-2.65541429841668
ENSMUSG00000022500,Litaf,-2.1502366934414794
ENSMUSG00000062203,Gspt1,-1.3839463199274535
ENSMUSG00000060657,Marf1,-0.4475862273756652
ENSMUSG00000022673,Mcm4,-2.568601960100096
ENSMUSG00000022769,Sdf2l1,-7.8114556284042145
ENSMUSG00000005732,Ranbp1,-4.4007837750819885
ENSMUSG00000043391,2510009E07Rik,-0.6074060383103183
ENSMUSG00000013089,Etv5,-1.0663913243886576
ENSMUSG00000022881,Rfc4,-3.106822573116601
ENSMUSG00000004366,Sst,-6.7384407817467045
ENSMUSG00000022523,Fgf12,0.6694359787284525
ENSMUSG00000051065,Mb21d2,-0.16214782189613156
ENSMUSG00000022538,Lsg1,-1.3280694917014535
ENSMUSG00000035629,Rubcn,-0.21270068088748545
ENSMUSG00000022844,Pdia5,-1.3714754259303945
ENSMUSG00000022829,Stxbp5l,2.3782619302636263
ENSMUSG00000022664,Slc35a5,-1.6323976822640778
ENSMUSG00000022661,Cd200,-2.666983788454499
ENSMUSG00000053182,Gm609,0.7461489396901264
ENSMUSG00000022636,Alcam,-0.4025156869301729
ENSMUSG00000022604,Cep97,-0.7014637878664727
ENSMUSG00000022751,Nit2,-3.8914424455059136
ENSMUSG00000022747,St3gal6,-0.3850837659467987
ENSMUSG00000052504,Epha3,1.0567442611349205
ENSMUSG00000022863,Btg3,-2.254555884944964
ENSMUSG00000022892,App,-0.5928109253872912
ENSMUSG00000022893,Adamts1,-2.144398198223833
ENSMUSG00000022914,Brwd1,0.4599248838977792
ENSMUSG00000054939,Zfp174,-1.6394219235641323
ENSMUSG00000057880,Abat,-0.6855911990232212
ENSMUSG00000022679,Mpv17l,-0.8502262272044209
ENSMUSG00000022678,Nde1,-1.911294571356896
ENSMUSG00000068617,Efcab1,-1.8418188094608017
ENSMUSG00000062901,Klhl24,-0.3981312169520206
ENSMUSG00000003234,Abcf3,-2.7678258427792914
ENSMUSG00000046613,Vwa5b2,-0.7524255340024558
ENSMUSG00000050821,Fam131a,-1.7956652669349509
ENSMUSG00000033653,Vps8,-1.8101676651956549
ENSMUSG00000022884,Eif4a2,-4.858621152184378
ENSMUSG00000022528,Hes1,-4.16837425436286
ENSMUSG00000014074,Rnf168,-1.9352146602577345
ENSMUSG00000079620,Muc4,-1.6224207256175731
ENSMUSG00000022808,Snx4,-1.8543984835714757
ENSMUSG00000022811,Zfp148,-0.27780435149537364
ENSMUSG00000075254,Heg1,-0.2476372118218595
ENSMUSG00000022837,Iqcb1,-0.3105116282773479
ENSMUSG00000022816,Fstl1,-1.5587842950962962
ENSMUSG00000022708,Zbtb20,0.5135689773281712
ENSMUSG00000022701,Ccdc191,-0.3671016132230397
ENSMUSG00000055447,Cd47,-3.1934273272991667
ENSMUSG00000022601,Zbtb11,0.009374323408568851
ENSMUSG00000052917,Senp7,0.18140989135327407
ENSMUSG00000022883,Robo1,1.509836868023016
ENSMUSG00000022762,Ncam2,1.901771171328433
ENSMUSG00000022945,Chaf1b,-3.351911454689127
ENSMUSG00000022941,Ripply3,-3.0076315499683512
ENSMUSG00000040605,Bace2,-1.5505788482977667
ENSMUSG00000092074,Dynlt1a,-2.9628702920441783
ENSMUSG00000052397,Ezr,-2.975083651271328
ENSMUSG00000060475,Wtap,-1.8687737621820364
ENSMUSG00000048826,Dact2,-0.974150459224003
ENSMUSG00000014773,Dll1,-3.1133010746602343
ENSMUSG00000023845,Lnpep,1.1734283457847792
ENSMUSG00000047507,Baiap3,0.5344982822336136
ENSMUSG00000025730,Rab40c,-0.3059011701929493
ENSMUSG00000024208,Uqcc2,-4.937403698705634
ENSMUSG00000062859,Tcp11,-0.23963435525647825
ENSMUSG00000024222,Fkbp5,0.13696839186993973
ENSMUSG00000024225,Clps,-5.465466197517674
ENSMUSG00000085912,Trp53cor1,-1.0143758332144774
ENSMUSG00000024012,Mtch1,1.7793947738076246
ENSMUSG00000024039,Cbs,-1.8615810411352256
ENSMUSG00000002625,Akap8l,-0.5654440895361943
ENSMUSG00000079553,Kifc1,-0.567708599072027
ENSMUSG00000101438,Gm19412,-2.1514298664894445
ENSMUSG00000073422,H2-Ke6,-2.214877191966946
ENSMUSG00000001525,Tubb5,-7.489546021407999
ENSMUSG00000023942,Slc29a1,-2.1411454707388407
ENSMUSG00000036026,Tmem63b,-1.7307474401105791
ENSMUSG00000032717,Mdfi,-3.0153392807850232
ENSMUSG00000023927,Satb1,-0.6521168557419537
ENSMUSG00000013236,Ptprs,-0.19831517964683584
ENSMUSG00000039481,Nrtn,-3.6341430799343084
ENSMUSG00000024206,Rfx2,0.1194490249030905
ENSMUSG00000062591,Tubb4a,-0.5839729344258389
ENSMUSG00000023965,Fbxl17,1.2631793293535436
ENSMUSG00000034647,Ankrd12,-0.6889547809611121
ENSMUSG00000052105,Mtcl1,-0.5581735534557344
ENSMUSG00000033278,Ptprm,1.5991142058849015
ENSMUSG00000034868,Myl12b,-1.9492873453684552
ENSMUSG00000024048,Myl12a,-4.272988426026938
ENSMUSG00000024056,Ndc80,-0.7548032679040949
ENSMUSG00000036533,Cdc42ep3,-2.0567718909709334
ENSMUSG00000054640,Slc8a1,3.7565690133249614
ENSMUSG00000024248,Cox7a2l,-5.038251078869419
ENSMUSG00000024120,Lrpprc,-4.091567162769228
ENSMUSG00000036438,Calm2,-2.897400119063711
ENSMUSG00000024109,Nrxn1,1.4763861761846353
ENSMUSG00000034265,Zdhhc14,1.122649304287922
ENSMUSG00000034377,Tulp4,0.6395581477171349
ENSMUSG00000038141,Tmem181a,0.17088878433366994
ENSMUSG00000023809,Rps6ka2,0.5755695613041684
ENSMUSG00000023861,Mpc1,0.17901534730175056
ENSMUSG00000023868,Pde10a,0.9761768975695602
ENSMUSG00000023827,Agpat4,-0.6210682226068922
ENSMUSG00000023886,Smoc2,-2.273631230973499
ENSMUSG00000023906,Cldn6,-4.550565056784652
ENSMUSG00000032855,Pkd1,-0.5532409703310243
ENSMUSG00000044533,Rps2,-5.718831342990232
ENSMUSG00000024158,Hagh,-2.143849340695249
ENSMUSG00000048249,Crebrf,0.4515019615844724
ENSMUSG00000042644,Itpr3,-1.2337333555841112
ENSMUSG00000040276,Pacsin1,-0.8379906339711406
ENSMUSG00000071172,Srsf3,-3.714835824910428
ENSMUSG00000023067,Cdkn1a,-4.9681870546294205
ENSMUSG00000024013,Fgd2,-2.3971909808701657
ENSMUSG00000024030,Abcg1,-0.7494925203283385
ENSMUSG00000024036,Slc37a1,-1.463864757475206
ENSMUSG00000041119,Pde9a,-0.2840498768679167
ENSMUSG00000024038,Ndufv3,-4.210884872881163
ENSMUSG00000006705,Pknox1,-1.3830017875941558
ENSMUSG00000007039,Ddah2,-3.7104739867139087
ENSMUSG00000073411,H2-D1,-3.8753903017457922
ENSMUSG00000024457,Trim26,0.6186781817054644
ENSMUSG00000056492,Adgrf5,-0.26039237991036385
ENSMUSG00000039601,Rcan2,0.07008075952211862
ENSMUSG00000034165,Ccnd3,-1.100972962868155
ENSMUSG00000035580,Kcnh8,1.3103371339938554
ENSMUSG00000002835,Chaf1a,-2.53398778228461
ENSMUSG00000001228,Uhrf1,-2.288726320948808
ENSMUSG00000024201,Kdm4b,0.5027011897481733
ENSMUSG00000039770,Ypel5,-2.4550503772320305
ENSMUSG00000071042,Rasgrp3,-1.0263400003514744
ENSMUSG00000024245,Tmem178,-1.0027339521135843
ENSMUSG00000024247,Pkdcc,-2.1146101716223145
ENSMUSG00000032624,Eml4,-0.12826180418314814
ENSMUSG00000040852,Plekhh2,0.18481236881120444
ENSMUSG00000061130,Ppm1b,-0.2288296365000809
ENSMUSG00000045038,Prkce,1.0273607969892584
ENSMUSG00000037104,Socs5,-0.6886429398995518
ENSMUSG00000036918,Ttc7,0.8009055590454729
ENSMUSG00000063889,Crem,-0.4467603395873675
ENSMUSG00000024290,Rock1,-0.8853628187490984
ENSMUSG00000024293,Esco1,-0.26371167181320154
ENSMUSG00000047161,Chst9,2.0984084031543717
ENSMUSG00000024304,Cdh2,0.4172661346081172
ENSMUSG00000041923,Nol4,1.4623024019991977
ENSMUSG00000024270,Slc39a6,-2.0873584296999383
ENSMUSG00000024268,Celf4,-1.4205248772432706
ENSMUSG00000035984,Nme5,-1.2077946650069409
ENSMUSG00000024366,Gfra3,-1.8458588443485937
ENSMUSG00000044201,Cdc25c,-0.6930739832389344
ENSMUSG00000024486,Hbegf,-0.20694348388260514
ENSMUSG00000024431,Nr3c1,-1.5500671587347852
ENSMUSG00000024501,Dpysl3,-2.663796023267346
ENSMUSG00000071855,Ccdc112,-1.1759355473971105
ENSMUSG00000033022,Cdo1,-2.5839777851276056
ENSMUSG00000039529,Atp8b1,0.11305668403229585
ENSMUSG00000024511,Rab27b,-0.8808968026813089
ENSMUSG00000036223,Ska1,-2.157244393038787
ENSMUSG00000024548,Setbp1,2.21310514431423
ENSMUSG00000024553,Galr1,-0.3391777732870467
ENSMUSG00000046982,Tshz1,-1.369934398095871
ENSMUSG00000024238,Zeb1,1.4900203917345067
ENSMUSG00000024283,Wac,1.1167843716628756
ENSMUSG00000024404,Riok3,-0.6055416051411732
ENSMUSG00000061808,Ttr,-5.131173747431661
ENSMUSG00000024277,Mapre2,-1.5509516222789332
ENSMUSG00000034295,Fhod3,0.4496948576301279
ENSMUSG00000024383,Map3k2,-0.060345616991900976
ENSMUSG00000003779,Kif20a,-2.4822955895745333
ENSMUSG00000038418,Egr1,-3.1821773282921617
ENSMUSG00000046668,Cxxc5,-2.2987266463822573
ENSMUSG00000039954,Stk32a,1.3234962978397962
ENSMUSG00000037416,Dmxl1,0.3626955934009745
ENSMUSG00000024590,Lmnb1,-1.4950306572070946
ENSMUSG00000040560,Wdr7,0.6838756322817521
ENSMUSG00000024516,Sec11c,-4.298504792367988
ENSMUSG00000024544,Ldlrad4,1.0408556959548467
ENSMUSG00000036880,Acaa2,-3.271297281707556
ENSMUSG00000044646,Zbtb7c,-0.0034953616653398264
ENSMUSG00000058881,Zfp516,-0.9459765271789772
ENSMUSG00000024862,Klc2,-1.3823013039943162
ENSMUSG00000024914,Drap1,-0.6469626939358888
ENSMUSG00000092341,Malat1,0.3827008234312144
ENSMUSG00000024787,Snx15,-2.200199909249576
ENSMUSG00000024777,Ppp2r5b,-2.9618824965519286
ENSMUSG00000052188,Gm14964,-2.09462454230152
ENSMUSG00000024953,Prdx5,-3.9382051355491696
ENSMUSG00000056629,Fkbp2,-5.246730868148983
ENSMUSG00000047787,Flrt1,-3.288411397162029
ENSMUSG00000024660,Incenp,-1.5965134443584856
ENSMUSG00000024742,Fen1,-3.6661841518937934
ENSMUSG00000024640,Psat1,-4.003896327998132
ENSMUSG00000046230,Vps13a,0.3621323253064939
ENSMUSG00000024867,Pip5k1b,1.3067821043990346
ENSMUSG00000040929,Rfx3,1.1758487239785465
ENSMUSG00000071573,Rnls,0.10972756619668902
ENSMUSG00000009378,Slc16a12,0.5665244395774756
ENSMUSG00000024803,Ankrd1,-0.08410632800622572
ENSMUSG00000024990,Rbp4,-6.351865567111385
ENSMUSG00000054237,Fra10ac1,-0.22874340124779555
ENSMUSG00000055044,Pdlim1,-2.251761854065254
ENSMUSG00000061132,Blnk,-1.9792177082139668
ENSMUSG00000025020,Slit1,0.05894038074897346
ENSMUSG00000025196,Cpn1,-2.9625542615700335
ENSMUSG00000025041,Nt5c2,-1.4284650146720341
ENSMUSG00000025050,Pcgf6,-1.177355378710602
ENSMUSG00000043531,Sorcs1,2.8339674713954066
ENSMUSG00000025089,Gfra1,0.052394897400085925
ENSMUSG00000057858,Fam204a,-2.404442418660267
ENSMUSG00000083282,Ctsf,-3.57132933446927
ENSMUSG00000024773,Atg2a,-0.5787469267304765
ENSMUSG00000024959,Bad,0.3374441213310877
ENSMUSG00000056612,Ppp1r14b,-4.378567902988318
ENSMUSG00000024968,Rcor2,-2.403234390555096
ENSMUSG00000024743,Syt7,-0.9075675893522236
ENSMUSG00000039126,Prune2,-0.5106168955512401
ENSMUSG00000024750,Zfand5,-2.1303488053236848
ENSMUSG00000024897,Apba1,1.6390162678825382
ENSMUSG00000052085,Dock8,1.045713319910234
ENSMUSG00000024921,Smarca2,-0.5041253706786437
ENSMUSG00000038658,Ric1,-0.2572763797322953
ENSMUSG00000052595,A1cf,-0.4760674169019428
ENSMUSG00000024899,Papss2,-0.5996834316331495
ENSMUSG00000024776,Stambpl1,0.539204312471665
ENSMUSG00000024805,Pcgf5,-0.6347109279482734
ENSMUSG00000024986,Hhex,-5.294578883392666
ENSMUSG00000053799,Exoc6,0.020814076393354784
ENSMUSG00000054200,Ffar4,-2.931558681494937
ENSMUSG00000048720,Tbc1d12,0.12590683693330726
ENSMUSG00000025001,Hells,-0.7475843591448789
ENSMUSG00000049164,Zfp518a,-0.6473916161343457
ENSMUSG00000042532,Golga7b,-0.96292269663226
ENSMUSG00000025192,Entpd7,-1.5227179320630082
ENSMUSG00000025036,Sfxn2,-1.9446645251669632
ENSMUSG00000025068,Gsto1,-3.0240349626360934
ENSMUSG00000035804,Ins1,-8.780634851065537
ENSMUSG00000025025,Mxi1,-0.4491421117912796
ENSMUSG00000034765,Dusp5,-1.330440442208038
ENSMUSG00000024985,Tcf7l2,0.7159878354323177
ENSMUSG00000025075,Habp2,-1.5495521517436277
ENSMUSG00000025076,Casp7,-0.8748992995144051
ENSMUSG00000054843,Atrnl1,1.9378784957910944
ENSMUSG00000042179,Pnliprp1,-3.2856122262426366
ENSMUSG00000039145,Camk1d,0.6695220417666349
ENSMUSG00000045319,Proser2,-2.360014119917
ENSMUSG00000002107,Celf2,1.2698413562053563
ENSMUSG00000063275,Hacd1,-1.2308946331067685
ENSMUSG00000026737,Pip4k2a,1.0327139812178108
ENSMUSG00000014867,Surf4,-4.771298680959768
ENSMUSG00000087196,Gm13373,-0.9779952193481922
ENSMUSG00000079502,Cfap77,-0.3845779955493517
ENSMUSG00000026825,Dnm1,-0.5917919814840387
ENSMUSG00000026819,Slc25a25,-0.3823377198425221
ENSMUSG00000026797,Stxbp1,-0.9239747534972064
ENSMUSG00000038765,Lmx1b,0.48405371293255
ENSMUSG00000075376,Rc3h2,-0.546522061147784
ENSMUSG00000026754,Golga1,-0.035725109899497814
ENSMUSG00000026826,Nr4a2,-1.4783792557527649
ENSMUSG00000026832,Cytip,-0.9990116352141848
ENSMUSG00000026834,Acvr1c,-0.6099541173945314
ENSMUSG00000026987,Baz2b,0.31980234859776746
ENSMUSG00000035000,Dpp4,0.05025033569516632
ENSMUSG00000000394,Gcg,-4.7203723050767925
ENSMUSG00000057182,Scn3a,-0.3598559264748304
ENSMUSG00000075316,Scn9a,-0.7112876076765797
ENSMUSG00000005233,Spc25,-3.258190154403359
ENSMUSG00000027010,Slc25a12,-0.8075135496746116
ENSMUSG00000075284,Wipf1,0.6895835885015055
ENSMUSG00000002732,Fkbp7,-0.6274956665288158
ENSMUSG00000075256,Cerkl,1.4455263195129973
ENSMUSG00000034701,Neurod1,-3.084881679955036
ENSMUSG00000059173,Pde1a,0.9498978722150724
ENSMUSG00000027004,Frzb,-1.973009008837817
ENSMUSG00000023224,Serping1,-1.938217711861281
ENSMUSG00000040687,Madd,-0.2912656324063337
ENSMUSG00000027239,Mdk,-5.290591527845933
ENSMUSG00000040479,Dgkz,-1.0241453830815574
ENSMUSG00000027230,Creb3l1,-1.7101386351436183
ENSMUSG00000068742,Cry2,-0.99111948295738
ENSMUSG00000012350,Ehf,-1.0159296747691808
ENSMUSG00000027187,Cat,-2.4023371433149103
ENSMUSG00000027177,Hipk3,-1.0629309567413283
ENSMUSG00000005973,Rcn1,-3.72409386721516
ENSMUSG00000086029,Pax6os1,0.2453850844132231
ENSMUSG00000027167,Elp4,-0.09512397714111696
ENSMUSG00000023236,Scg5,-1.661754256274118
ENSMUSG00000057147,Dph6,-0.2706458301640795
ENSMUSG00000027210,Meis2,0.5380337040593492
ENSMUSG00000023216,Epb42,-2.957894631787765
ENSMUSG00000033256,Shf,-1.8745659826966456
ENSMUSG00000027360,Hdc,0.5882692706514504
ENSMUSG00000079056,Kcnip3,-0.20155979059011367
ENSMUSG00000048327,Ckap2l,-2.0464515840464426
ENSMUSG00000027342,Pcna,-4.163838509226424
ENSMUSG00000027346,Gpcpd1,0.181107486775776
ENSMUSG00000037376,Trmt6,-1.3724145725888954
ENSMUSG00000034723,Tmx4,-1.318043925170009
ENSMUSG00000086171,Pcsk2os1,-2.2228776415125866
ENSMUSG00000037279,Ovol2,-0.7919590521369655
ENSMUSG00000001767,Crnkl1,-1.8826596414261243
ENSMUSG00000027434,Nkx2-2,1.2880335825772873
ENSMUSG00000086141,9030622O22Rik,3.354698086447513
ENSMUSG00000061411,Nol4l,0.6420456046353411
ENSMUSG00000027487,Cdk5rap1,-0.6114973342565888
ENSMUSG00000027490,E2f1,-0.9455906631256856
ENSMUSG00000038312,Edem2,-2.8740978196950424
ENSMUSG00000055485,Soga1,0.8757888111248249
ENSMUSG00000037820,Tgm2,-2.4983610760187065
ENSMUSG00000053141,Ptprt,1.3604534419778394
ENSMUSG00000018211,Wfdc15b,-1.4967677028031996
ENSMUSG00000006800,Sulf2,-0.7943990814799125
ENSMUSG00000039621,Prex1,-0.18820277731715088
ENSMUSG00000017929,B4galt5,-0.9568855907333342
ENSMUSG00000027544,Nfatc2,0.1513554339077603
ENSMUSG00000027496,Aurka,-2.3688513992263456
ENSMUSG00000008999,Bmp7,-1.9368677649145083
ENSMUSG00000038400,Pmepa1,-0.8543877040376171
ENSMUSG00000016256,Ctsz,-5.373854260663114
ENSMUSG00000027581,Stmn3,-3.022362532168534
ENSMUSG00000026643,Nmt2,-1.03937121174396
ENSMUSG00000026655,Fam107b,-1.0425021240494523
ENSMUSG00000048186,Bend7,-0.2679112495829253
ENSMUSG00000026728,Vim,-4.381696769085518
ENSMUSG00000057914,Cacnb2,3.850250149643329
ENSMUSG00000023094,Msrb2,-2.130476258975009
ENSMUSG00000026781,Acbd5,-0.3982609206953021
ENSMUSG00000015094,Npdc1,-2.9651442923609723
ENSMUSG00000026930,Gpsm1,-1.2469021566545868
ENSMUSG00000026833,Olfm1,-4.245582328703817
ENSMUSG00000026807,Ak8,-0.6985760904596829
ENSMUSG00000062661,Ncs1,-1.9627748622505867
ENSMUSG00000076441,Ass1,-4.464635672557601
ENSMUSG00000059013,Sh2d3c,-2.316310801023377
ENSMUSG00000038900,Rpl12,-4.429016444454289
ENSMUSG00000026864,Hspa5,-4.985970535552341
ENSMUSG00000057110,Cntrl,-0.8976667400724508
ENSMUSG00000026749,Nek6,-1.5864578874362805
ENSMUSG00000036792,Mbd5,2.4929422774792926
ENSMUSG00000026764,Kif5c,-1.3792130925877712
ENSMUSG00000036053,Fmnl2,1.2201686408476642
ENSMUSG00000026827,Gpd2,-1.3130023760788334
ENSMUSG00000027035,Cers6,1.257344258343145
ENSMUSG00000005232,G6pc2,-1.7049887011824356
ENSMUSG00000044308,Ubr3,-0.1310334408198121
ENSMUSG00000027018,Hat1,-1.6313875018048556
ENSMUSG00000049044,Rapgef4,1.412743649363894
ENSMUSG00000008226,Scrn3,-0.5060223446696969
ENSMUSG00000027011,Ube2e3,-2.6874678190702577
ENSMUSG00000070866,Zfp804a,1.332679980357429
ENSMUSG00000027220,Syt13,-2.0922234432482143
ENSMUSG00000068735,Trp53i11,-2.957845006737553
ENSMUSG00000027188,Pamr1,-0.7349680696426342
ENSMUSG00000027186,Elf5,-0.9364502003305692
ENSMUSG00000027168,Pax6,-0.9565721433690798
ENSMUSG00000042670,Immp1l,-2.170599043797848
ENSMUSG00000016386,Mpped2,0.12883243228243235
ENSMUSG00000048482,Bdnf,-3.2745909865800797
ENSMUSG00000050199,Lgr4,-0.49295628563821203
ENSMUSG00000027160,Ccdc34,-3.0306199733829313
ENSMUSG00000086308,G630016G05Rik,-0.26472174313792274
ENSMUSG00000040084,Bub1b,-1.9143018852887024
ENSMUSG00000074923,Pak6,-0.6438767507841237
ENSMUSG00000027332,Ivd,-0.478872812429724
ENSMUSG00000027315,Spint1,-2.318163061939366
ENSMUSG00000027306,Nusap1,-1.0205304314366297
ENSMUSG00000023572,Ccndbp1,-3.2933231430548138
ENSMUSG00000027248,Pdia3,-3.5920118332054263
ENSMUSG00000027203,Dut,-3.5964130594909567
ENSMUSG00000027207,Galk2,-0.7498286493327475
ENSMUSG00000027381,Bcl2l11,-0.3642353663281229
ENSMUSG00000014353,Tmem87b,-0.943099907805239
ENSMUSG00000042851,Zc3h6,-0.933297938003378
ENSMUSG00000027330,Cdc25b,-1.8783607775800493
ENSMUSG00000027350,Chgb,-5.553057756740314
ENSMUSG00000051177,Plcb1,1.7894589918245094
ENSMUSG00000039943,Plcb4,0.17746821502772708
ENSMUSG00000027273,Snap25,0.2017809062227801
ENSMUSG00000068205,Macrod2,2.4899045560877795
ENSMUSG00000027419,Pcsk2,-0.022604159926606644
ENSMUSG00000027430,Dtd1,-1.5327755270022585
ENSMUSG00000027469,Tpx2,-1.6457777273625829
ENSMUSG00000038533,Cbfa2t2,0.8457363275434335
ENSMUSG00000038375,Trp53inp2,-0.82891490047277
ENSMUSG00000067818,Myl9,-1.918309709757252
ENSMUSG00000027642,Rpn2,-3.021873394726565
ENSMUSG00000067786,Nnat,-2.0016668316620327
ENSMUSG00000070544,Top1,-2.004861332476155
ENSMUSG00000017943,Gdap1l1,-3.627251702659141
ENSMUSG00000017950,Hnf4a,-0.3346951365992447
ENSMUSG00000017007,Rbpjl,-0.8035003610752683
ENSMUSG00000017723,Wfdc2,-4.896178531022588
ENSMUSG00000085436,Zfp335os,0.5397607169783839
ENSMUSG00000017897,Eya2,0.4938511897582045
ENSMUSG00000006418,Rnf114,-1.4219205853956205
ENSMUSG00000047907,Tshz2,-0.032943290265183084
ENSMUSG00000027495,Fam210b,-2.06934959709199
ENSMUSG00000027519,Rab22a,-1.702120467470075
ENSMUSG00000039263,Npepl1,-4.352104480976745
ENSMUSG00000027523,Gnas,-2.4530464201932647
ENSMUSG00000000305,Cdh4,0.4897022070113036
ENSMUSG00000039050,Osbpl2,-1.0169328964782984
ENSMUSG00000027570,Col9a3,-3.4575314436088047
ENSMUSG00000010505,Myt1,-0.1771597618092176
ENSMUSG00000027589,Pcmtd2,-2.3412133496843217
ENSMUSG00000102979,Gm37350,-1.603383974551714
ENSMUSG00000027534,Snx16,-1.5981115485507575
ENSMUSG00000039519,Cyp7b1,0.5417427264007123
ENSMUSG00000011463,Cpb1,-2.5078807448758216
ENSMUSG00000063887,Nlgn1,1.8553148509924515
ENSMUSG00000069072,Slc7a14,0.7829310730739637
ENSMUSG00000027674,Pex5l,1.1148404305210715
ENSMUSG00000027712,Anxa5,-4.107474909171058
ENSMUSG00000037111,Setd7,0.4762062904087309
ENSMUSG00000061143,Maml3,1.9517524211289177
ENSMUSG00000027799,Nbea,1.0693662625070268
ENSMUSG00000036432,Siah2,-3.21490364941312
ENSMUSG00000027778,Ift80,-0.09124368421643488
ENSMUSG00000034109,Golim4,-0.6756315586248723
ENSMUSG00000033981,Gria2,-0.6095801552115792
ENSMUSG00000028066,Pmf1,-3.303907108990812
ENSMUSG00000028063,Lmna,-0.944091748676127
ENSMUSG00000068923,Syt11,-1.2802793556872305
ENSMUSG00000042766,Trim46,0.02515630994418353
ENSMUSG00000042642,Flad1,0.2688922950499287
ENSMUSG00000028044,Cks1b,-6.269041475608254
ENSMUSG00000028139,Riiad1,-1.4232592621316478
ENSMUSG00000005968,Tuft1,0.9711299161569288
ENSMUSG00000053192,Mllt11,-2.860189480152957
ENSMUSG00000074398,Gm15441,-0.9326532202395256
ENSMUSG00000053398,Phgdh,-4.551791090896022
ENSMUSG00000002227,Mov10,-1.9163303955769369
ENSMUSG00000046213,Cym,-6.1784552594631625
ENSMUSG00000014601,Strip1,-0.8956208826843921
ENSMUSG00000027893,Ahcyl1,-1.6895113580800434
ENSMUSG00000068740,Celsr2,-1.126942321156517
ENSMUSG00000040412,5330417C22Rik,0.7283008846321737
ENSMUSG00000049300,Prmt6,-0.6647682391290499
ENSMUSG00000028134,Ptbp2,-0.1857029071209529
ENSMUSG00000032826,Ank2,0.9541386570311816
ENSMUSG00000027984,Hadh,-5.104700410314027
ENSMUSG00000050931,Sgms2,-0.967995874217328
ENSMUSG00000040998,Npnt,-1.9539491352919256
ENSMUSG00000028149,Rap1gds1,0.4447066543777681
ENSMUSG00000028266,Lmo4,-3.0150639725543087
ENSMUSG00000037062,Sh3glb1,0.12635084911642605
ENSMUSG00000005034,Prkacb,-1.3132440309294442
ENSMUSG00000039131,Gipc2,-1.4844548150990988
ENSMUSG00000039037,St6galnac5,0.8273343081432992
ENSMUSG00000062908,Acadm,-2.923006856689536
ENSMUSG00000027500,Stmn2,-0.5562062569975754
ENSMUSG00000069114,Zbtb10,-0.8261075362570929
ENSMUSG00000027533,Fabp5,-4.981016736358552
ENSMUSG00000027692,Tnik,0.9149657745056756
ENSMUSG00000027690,Slc2a2,-1.5516552545861029
ENSMUSG00000037730,Mynn,-0.6300868075953104
ENSMUSG00000027660,Skil,-1.8838958767799103
ENSMUSG00000037625,Cldn11,-2.5903142332201643
ENSMUSG00000037610,Kcnmb2,1.2168689306738172
ENSMUSG00000025757,Hspa4l,-2.086128843926013
ENSMUSG00000037818,Abhd18,0.7716052487398655
ENSMUSG00000023087,Noct,-0.4690874730450184
ENSMUSG00000027739,Rab33b,-1.6795401490390496
ENSMUSG00000044167,Foxo1,-0.7362099128256502
ENSMUSG00000027801,Tm4sf4,-3.155258743751124
ENSMUSG00000027765,P2ry1,-1.4410365434584809
ENSMUSG00000034640,Tiparp,-0.36555664112715935
ENSMUSG00000048416,Mlf1,-1.8188594181286872
ENSMUSG00000034349,Smc4,-1.5502424054336017
ENSMUSG00000027834,Serpini1,-1.193839717896358
ENSMUSG00000028015,Ctso,-1.9338346621052656
ENSMUSG00000033900,Map9,-3.2585994124416318
ENSMUSG00000005640,Insrr,0.9643045947997336
ENSMUSG00000041355,Ssr2,-6.4377172753272065
ENSMUSG00000028047,Thbs3,-0.7561146697480516
ENSMUSG00000042784,Muc1,-3.903571123421576
ENSMUSG00000042613,Pbxip1,-2.8391592157689907
ENSMUSG00000041959,S100a10,-3.9771337435839857
ENSMUSG00000028150,Rorc,-1.9737058963919285
ENSMUSG00000028137,Celf3,-2.9461338646737607
ENSMUSG00000068874,Selenbp1,-2.4775112036374303
ENSMUSG00000038393,Txnip,-4.0119489816492795
ENSMUSG00000027878,Notch2,-1.798217900066614
ENSMUSG00000051076,Vtcn1,-0.3961298227923756
ENSMUSG00000042035,Igsf3,-1.897855855572314
ENSMUSG00000058388,Phtf1,-1.322929478426564
ENSMUSG00000040389,Wdr47,-0.25710779892075714
ENSMUSG00000028128,F3,-1.376252549302719
ENSMUSG00000028121,Bcar3,-0.9695738203791214
ENSMUSG00000027971,Ndst4,1.2988138195443115
ENSMUSG00000027997,Casp6,-3.280889855215792
ENSMUSG00000044365,Cxxc4,-2.1492978143617787
ENSMUSG00000045328,Cenpe,-1.508443102617195
ENSMUSG00000028161,Ppp3ca,-0.21271838271927845
ENSMUSG00000046818,Ddit4l,-2.8472759415093414
ENSMUSG00000028152,Tspan5,-0.012090496374501507
ENSMUSG00000059921,Unc5c,1.58686341505308
ENSMUSG00000028271,Gtf2b,-3.1004432668638016
ENSMUSG00000036745,Ttll7,-1.3980441604457483
ENSMUSG00000039047,Pigk,-0.15999904824348515
ENSMUSG00000040016,Ptger3,-1.2687837181145725
ENSMUSG00000003282,Plag1,1.4130107780944956
ENSMUSG00000041272,Tox,1.1417981111443738
ENSMUSG00000041261,Car8,-4.422944300437151
ENSMUSG00000040387,Klhl32,0.4581766529695567
ENSMUSG00000040128,Pnrc1,-2.6022807740600404
ENSMUSG00000028413,B4galt1,-0.3253817243388347
ENSMUSG00000028439,Fam219a,0.7405656901554941
ENSMUSG00000028444,Cntfr,-2.649543679701071
ENSMUSG00000035551,Igfbpl1,-2.38997641488087
ENSMUSG00000039809,Gabbr2,1.4511779008566992
ENSMUSG00000066191,Anks6,-0.4011443560159671
ENSMUSG00000039579,Grin3a,1.6637891565239709
ENSMUSG00000015243,Abca1,-1.2368805052073832
ENSMUSG00000038764,Ptpn3,0.624946227565612
ENSMUSG00000028382,Ptbp3,-1.2868883986782482
ENSMUSG00000028356,Ambp,-2.4786381380250115
ENSMUSG00000039137,Whrn,-1.1375152818997112
ENSMUSG00000039270,Megf9,0.1646594968479194
ENSMUSG00000008305,Tle1,-1.2391234116089591
ENSMUSG00000008575,Nfib,0.3358187374228325
ENSMUSG00000038172,Ttc39b,-0.8957222214707434
ENSMUSG00000037996,Slc24a2,1.9203250526053908
ENSMUSG00000028617,Lrrc42,-3.1124275635202783
ENSMUSG00000028607,Cpt2,-2.8068858831929773
ENSMUSG00000028597,Gpx7,-2.2923824672372404
ENSMUSG00000028546,Elavl4,-1.1456789908517238
ENSMUSG00000028693,Nasp,-1.6315277053005173
ENSMUSG00000047675,Rps8,-4.962151748358021
ENSMUSG00000028678,Kif2c,-2.539333902528495
ENSMUSG00000006398,Cdc20,-3.632122556426366
ENSMUSG00000028631,Kcnq4,-1.0149239267825547
ENSMUSG00000032870,Smap2,-1.8204044677154565
ENSMUSG00000028873,Cdca8,-3.624561182229452
ENSMUSG00000028785,Hpca,-4.1190613201039685
ENSMUSG00000028795,Ccdc28b,-1.8754113320737078
ENSMUSG00000023232,Serinc2,-0.9725633763589259
ENSMUSG00000028909,Ptpru,-0.3740338125042455
ENSMUSG00000066043,Phactr4,0.3626516875702767
ENSMUSG00000028893,Sesn2,-3.4811215613604105
ENSMUSG00000028878,Fam76a,-1.6371052476278087
ENSMUSG00000028860,Sytl1,-0.10182853821790094
ENSMUSG00000003644,Rps6ka1,-2.1692230647108537
ENSMUSG00000003038,Hmgn2,-4.043044977854333
ENSMUSG00000028843,Sh3bgrl3,-5.639711375243144
ENSMUSG00000037306,Man1c1,-0.4680145687388119
ENSMUSG00000059713,Rcan3,0.7250727429206582
ENSMUSG00000036940,Kdm1a,-2.1473292469451546
ENSMUSG00000028664,Ephb2,0.9647702192171106
ENSMUSG00000087476,Rap1gapos,-3.0419374187657784
ENSMUSG00000028756,Pink1,-3.0121787789329324
ENSMUSG00000028755,Cda,-2.2825873278757443
ENSMUSG00000040972,Igsf21,-0.7959412146730573
ENSMUSG00000006219,Fblim1,-2.1274134862822143
ENSMUSG00000040659,Efhd2,-2.732276297528171
ENSMUSG00000040616,Tmem51,-1.787410698852044
ENSMUSG00000029007,Agtrap,-2.2847023467062324
ENSMUSG00000063077,Kif1b,0.010573305081253344
ENSMUSG00000028982,Slc25a33,-2.2121514752228464
ENSMUSG00000028943,Espn,-2.9851108807845317
ENSMUSG00000039410,Prdm16,1.3861376988489975
ENSMUSG00000041235,Chd7,-0.22189463153929093
ENSMUSG00000028211,Trp53inp1,-0.6824822536062509
ENSMUSG00000028212,Ccne2,-1.9165855489942405
ENSMUSG00000028214,Gem,0.90253864389168
ENSMUSG00000055963,Triqk,-1.821346129657635
ENSMUSG00000006586,Runx1t1,0.1430563359835556
ENSMUSG00000086587,Gm11837,-3.5538879679449717
ENSMUSG00000040270,Bach2,1.0406946455100383
ENSMUSG00000028415,Spink4,-2.4816706831800763
ENSMUSG00000073889,Il11ra1,-2.6441295958353344
ENSMUSG00000035683,Melk,-1.2620335074594085
ENSMUSG00000035561,Aldh1b1,-4.141788055559871
ENSMUSG00000039774,Galnt12,-1.3669302613353953
ENSMUSG00000007613,Tgfbr1,-0.2931936332369409
ENSMUSG00000053317,Sec61b,-6.240340812981132
ENSMUSG00000028347,Tmeff1,-1.0315588887408098
ENSMUSG00000063446,Plppr1,0.6122928644547032
ENSMUSG00000028312,Smc2,-3.03536614084369
ENSMUSG00000066152,Slc31a2,-2.054611572669631
ENSMUSG00000045672,Col27a1,-1.0868965961910575
ENSMUSG00000048706,Lurap1l,-1.623065598979212
ENSMUSG00000038024,Dennd4c,1.5718807284485985
ENSMUSG00000028560,Usp1,-2.8323614020618764
ENSMUSG00000028528,Dnajc6,0.06386182347934784
ENSMUSG00000028519,Dab1,0.8633576938415052
ENSMUSG00000034871,Fam151a,-3.0493831237409603
ENSMUSG00000028614,Ndc1,-1.1116438214523123
ENSMUSG00000028613,Lrp8,-0.27781332908519724
ENSMUSG00000028567,Txndc12,-2.7758360691680943
ENSMUSG00000003411,Rab3b,-2.210816686963149
ENSMUSG00000028555,Ttc39a,-1.6038216631285949
ENSMUSG00000028716,Pdzk1ip1,-5.1407671858628845
ENSMUSG00000028698,Pik3r3,0.8600754496163522
ENSMUSG00000028689,Ccdc163,0.5075409551435719
ENSMUSG00000033948,Zswim5,1.0748942260496142
ENSMUSG00000048772,Tmem53,-2.150669523451537
ENSMUSG00000028626,Col9a2,-3.85567679355716
ENSMUSG00000042489,Clspn,-1.5545925939599838
ENSMUSG00000041000,Trim62,-0.5900142240708708
ENSMUSG00000047945,Marcksl1,-7.230393472765868
ENSMUSG00000028884,Rpa2,-3.8746144621093737
ENSMUSG00000028865,Cd164l2,0.4834375511851202
ENSMUSG00000028832,Stmn1,-4.493484188439863
ENSMUSG00000028763,Hspg2,-1.6085418140502108
ENSMUSG00000057530,Ece1,-1.534876971457676
ENSMUSG00000046447,Camk2n1,-5.475154192017459
ENSMUSG00000066036,Ubr4,-1.8076774100985409
ENSMUSG00000060572,Mfap2,-3.511582968535252
ENSMUSG00000028919,Arhgef19,-1.6718868316445916
ENSMUSG00000029003,Mad2l2,-2.5444523438563618
ENSMUSG00000028977,Casz1,-0.6282036164633497
ENSMUSG00000028976,Slc2a5,-1.9396730601956225
ENSMUSG00000063524,Eno1,-5.193005606078725
ENSMUSG00000028967,Errfi1,0.07110299028619857
ENSMUSG00000028937,Acot7,-2.33856735958055
ENSMUSG00000039577,Nphp4,-0.9143186776519324
ENSMUSG00000039523,Cep104,-0.4061561968549908
ENSMUSG00000029029,Wrap73,-2.4581874092691844
ENSMUSG00000057751,Megf6,0.00901910531802037
ENSMUSG00000029064,Gnb1,-1.5952486084389592
ENSMUSG00000001467,Cyp51,-1.5455070915339202
ENSMUSG00000028926,Cdk14,1.6917610886307874
ENSMUSG00000002297,Dbf4,-1.7897413470073027
ENSMUSG00000040570,Rundc3b,0.2941338399679876
ENSMUSG00000042508,Dmtf1,-0.8736497447245429
ENSMUSG00000057614,Gnai1,-1.2503918917209218
ENSMUSG00000001566,Mnx1,-3.47764587377398
ENSMUSG00000025747,Tyms,-1.4169007134504896
ENSMUSG00000037235,Mxd4,-2.7895724039391694
ENSMUSG00000029103,Lrpap1,-4.224481152286471
ENSMUSG00000029093,Sorcs2,0.6247953714057637
ENSMUSG00000039474,Wfs1,-2.402951544221256
ENSMUSG00000029086,Prom1,-0.30544548516005954
ENSMUSG00000015806,Qdpr,-4.648647264626764
ENSMUSG00000029088,Kcnip4,1.9137865970817398
ENSMUSG00000029173,Sepsecs,-0.30275956878296056
ENSMUSG00000029207,Apbb2,0.6794689080591467
ENSMUSG00000037653,Kctd8,1.4539398085719928
ENSMUSG00000070733,Fryl,0.06984765272402313
ENSMUSG00000029153,Ociad2,-3.693090307325437
ENSMUSG00000029238,Clock,-0.04081692161645565
ENSMUSG00000036256,Igfbp7,-2.997028232946719
ENSMUSG00000029260,Ugt2b34,-3.16379998084996
ENSMUSG00000035540,Gc,-2.7746451712824105
ENSMUSG00000034724,Cnot6l,-1.5442448243222409
ENSMUSG00000029328,Hnrnpdl,-2.1293186603703576
ENSMUSG00000029322,Plac8,-3.569149089068103
ENSMUSG00000035187,Nkx6-1,-4.7702736289358985
ENSMUSG00000046709,Mapk10,1.0765808694594667
ENSMUSG00000029311,Hsd17b11,-0.8813534584101729
ENSMUSG00000043323,Fbrsl1,-0.750809493100228
ENSMUSG00000097767,Miat,-0.7694349883684952
ENSMUSG00000058153,Sez6l,0.2850881110409653
ENSMUSG00000042216,Sgsm1,-0.278871929319452
ENSMUSG00000042078,Svop,0.08504567960513552
ENSMUSG00000041890,Git2,-0.6059173774270427
ENSMUSG00000009013,Dynll1,-6.018449795781192
ENSMUSG00000041548,Hspb8,-2.8885235269277536
ENSMUSG00000063919,Srrm4,-0.8530723004216927
ENSMUSG00000032959,Pebp1,-6.110776556048516
ENSMUSG00000032741,Tpcn1,-0.18732714788788649
ENSMUSG00000029467,Atp2a2,0.17540888590991974
ENSMUSG00000029475,Kdm2b,-0.4924540853486704
ENSMUSG00000029434,Vps33a,-0.9032600018111144
ENSMUSG00000066278,Vps37b,-2.3860040939365166
ENSMUSG00000029408,Abcb9,-0.8956890366628922
ENSMUSG00000038126,Mphosph9,0.4671849730640591
ENSMUSG00000029394,Cdk2ap1,-3.924083997660742
ENSMUSG00000037979,Ccdc92,-1.606586880490806
ENSMUSG00000008348,Ubc,-4.552358689652566
ENSMUSG00000029420,Rimbp2,0.8581467407477263
ENSMUSG00000029673,Auts2,2.0716888168207634
ENSMUSG00000043614,Vps37d,-0.8021002528394922
ENSMUSG00000039747,Orai2,-0.5963771577542171
ENSMUSG00000004415,Col26a1,-0.9213128214819728
ENSMUSG00000029730,Mcm7,-1.9152544922680328
ENSMUSG00000025856,Pdgfa,-3.561438389946515
ENSMUSG00000025855,Prkar1b,-1.4413650123243045
ENSMUSG00000039533,Mmd2,-1.5805449628912314
ENSMUSG00000029580,Actb,-1.229232767829404
ENSMUSG00000066621,Tecpr1,-1.445617577631684
ENSMUSG00000029634,Rnf6,-2.647533406275367
ENSMUSG00000029640,Usp12,-0.7993947117219551
ENSMUSG00000001687,Ubl3,-1.9144967569495768
ENSMUSG00000033970,Rfc3,-2.7738579754008885
ENSMUSG00000040274,Cdk6,-0.6500972696894342
ENSMUSG00000061601,Pclo,1.2105013668092233
ENSMUSG00000040118,Cacna2d1,1.7790566286933671
ENSMUSG00000028780,Sema3c,0.3558398953827142
ENSMUSG00000040003,Magi2,0.8826127414136994
ENSMUSG00000028932,Psmc2,-4.128145015560115
ENSMUSG00000028986,Klhl7,-0.5421165344082207
ENSMUSG00000023353,Agap3,-0.8873044964303209
ENSMUSG00000028954,Nub1,-1.6919360530505902
ENSMUSG00000061576,Dpp6,0.3119175805858269
ENSMUSG00000039000,Ube3c,0.27624661108803056
ENSMUSG00000073102,Drc1,-1.4419993516913354
ENSMUSG00000049265,Kcnk3,-2.4039892785903074
ENSMUSG00000029168,Dpysl5,-0.4427334244291217
ENSMUSG00000029166,Mapre3,-2.088852486028064
ENSMUSG00000013622,Atraid,-1.945229580694506
ENSMUSG00000062761,Zfp512,-0.7616938087710965
ENSMUSG00000070858,Gm1673,-2.9294875213568576
ENSMUSG00000029094,Afap1,-1.2322828795516891
ENSMUSG00000029186,Pi4k2b,-1.5049913693219632
ENSMUSG00000029195,Klb,-0.5841849787675727
ENSMUSG00000029199,Lias,-1.5286444558738153
ENSMUSG00000037736,Limch1,-0.6258345732598832
ENSMUSG00000067219,Nipal1,-1.3327090075081367
ENSMUSG00000049907,Rasl11b,-1.6815038402111366
ENSMUSG00000005672,Kit,-0.8160057424354087
ENSMUSG00000029249,Rest,-2.681064317629723
ENSMUSG00000029291,Rufy3,-0.3646156019663573
ENSMUSG00000034981,Parm1,-1.3696923798426732
ENSMUSG00000029381,Shroom3,1.9378424352517816
ENSMUSG00000029385,Ccng2,-3.0499676389596995
ENSMUSG00000029486,Mrpl1,-1.2669760423917062
ENSMUSG00000029304,Spp1,-5.542288412155241
ENSMUSG00000033623,Pcgf3,-0.6342938017628007
ENSMUSG00000014668,Chfr,-1.1129605443309123
ENSMUSG00000029502,Golga3,-1.2629041064510536
ENSMUSG00000033209,Ttc28,-1.414902417063963
ENSMUSG00000029344,Tpst2,-2.35824062496221
ENSMUSG00000042328,Hps4,-1.5782011498237445
ENSMUSG00000041870,Ankrd13a,-0.8854542753068306
ENSMUSG00000086054,Hnf1aos1,0.9697172553098208
ENSMUSG00000054256,Msi1,-1.8829648432865973
ENSMUSG00000067274,Rplp0,-6.000980601472835
ENSMUSG00000061288,Taok3,-0.566530917426057
ENSMUSG00000061578,Ksr2,0.77390563202777
ENSMUSG00000029359,Tesc,-2.3216402956816022
ENSMUSG00000018076,Med13l,-0.7844463552111828
ENSMUSG00000029470,P2rx4,-1.480379044152229
ENSMUSG00000054434,Tmem120b,0.003303437636687529
ENSMUSG00000029438,Bcl7a,-1.7705127087237913
ENSMUSG00000000915,Hip1r,-1.8848446362103195
ENSMUSG00000029482,Aacs,-1.3373333924907518
ENSMUSG00000095789,Nupr1l,-0.2562597648968699
ENSMUSG00000034118,Tpst1,-1.3131980376530432
ENSMUSG00000007207,Stx1a,-0.9108280047742104
ENSMUSG00000005373,Mlxipl,0.06594231660548855
ENSMUSG00000039917,Rhbdd2,-1.2749610223362309
ENSMUSG00000005514,Por,-1.4326419268632158
ENSMUSG00000039860,Srrm3,0.19868584513116755
ENSMUSG00000006143,Upk3bl,-2.4313736933170125
ENSMUSG00000039683,Sdk1,2.0063588360683973
ENSMUSG00000050822,Slc29a4,-2.1769404189359296
ENSMUSG00000029581,Fscn1,-2.7615535147316232
ENSMUSG00000079111,Kdelr2,-3.1342891183510098
ENSMUSG00000059991,Nptx2,-3.45654514747974
ENSMUSG00000029635,Cdk8,0.3650270676458929
ENSMUSG00000029644,Pdx1,-1.9435305525421689
ENSMUSG00000029647,Pan3,1.3702815882445654
ENSMUSG00000029651,Mtus2,0.15216350670594567
ENSMUSG00000056602,Fry,1.1144651651738915
ENSMUSG00000044156,Hepacam2,-2.0498737297701406
ENSMUSG00000004631,Sgce,-0.42234355100198095
ENSMUSG00000029759,Pon3,-0.484744154944877
ENSMUSG00000032667,Pon2,-1.8734734476969348
ENSMUSG00000062995,Ica1,0.25528921832628954
ENSMUSG00000029669,Tspan12,-1.5505375999142557
ENSMUSG00000029672,Fam3c,-1.7545871025046729
ENSMUSG00000029706,Pax4,-3.2985247350901328
ENSMUSG00000038784,Cnot4,0.19311146909336244
ENSMUSG00000029838,Ptn,-2.6475206426276814
ENSMUSG00000063455,D630045J12Rik,0.7942229347239955
ENSMUSG00000061436,Hipk2,0.6595772635425836
ENSMUSG00000042599,Kdm7a,-0.9689798420647598
ENSMUSG00000038456,Dennd2a,0.2868529538279097
ENSMUSG00000002413,Braf,0.7872463546655035
ENSMUSG00000029918,Mrps33,-1.6463882967353984
ENSMUSG00000029687,Ezh2,-0.8527342709248726
ENSMUSG00000025823,Pdia4,-3.4555086043650265
ENSMUSG00000068551,Zfp467,-1.3708061254803712
ENSMUSG00000063568,Jazf1,1.8619795851202101
ENSMUSG00000019124,Scrn1,0.19464975135635326
ENSMUSG00000038058,Nod1,-1.9073112734336901
ENSMUSG00000003476,Crhr2,-1.2153472487476291
ENSMUSG00000004347,Pde1c,2.0324431425902034
ENSMUSG00000059486,Kbtbd2,-1.2145433764889837
ENSMUSG00000029780,Nt5c3,-2.519493572828712
ENSMUSG00000055430,Nap1l5,-3.3680394814266763
ENSMUSG00000029919,Hpgds,-0.6554541722151733
ENSMUSG00000036390,Gadd45a,-6.521403879529103
ENSMUSG00000079523,Tmsb10,-3.9849487612903984
ENSMUSG00000063063,Ctnna2,2.349528791589909
ENSMUSG00000005667,Mthfd2,-1.6044512166945633
ENSMUSG00000001156,Mxd1,0.13151182967942826
ENSMUSG00000029994,Anxa4,-2.1327909273224317
ENSMUSG00000079477,Rab7,-2.929456337596025
ENSMUSG00000030067,Foxp1,0.3847303545172196
ENSMUSG00000072872,Rybp,1.187744118685114
ENSMUSG00000030101,Sumf1,-1.248108965189077
ENSMUSG00000064177,Ghrl,-3.846890067241399
ENSMUSG00000057841,Rpl32,-5.572322621188094
ENSMUSG00000051331,Cacna1c,2.520480094737576
ENSMUSG00000019210,Atp6v1e1,-2.920434559424016
ENSMUSG00000051586,Mical3,0.7104813224749894
ENSMUSG00000057666,Gapdh,-5.633851447375046
ENSMUSG00000038252,Ncapd2,-0.31509424302326355
ENSMUSG00000030342,Cd9,-2.165182889134868
ENSMUSG00000000184,Ccnd2,-3.4237802560660326
ENSMUSG00000030203,Dusp16,-0.3783449663036997
ENSMUSG00000042770,Hebp1,-2.4343965940517767
ENSMUSG00000015766,Eps8,-0.08908716995789019
ENSMUSG00000030226,Lmo3,-0.33266695589417505
ENSMUSG00000030246,Ldhb,-3.7227547992364607
ENSMUSG00000041540,Sox5,2.1431845902629907
ENSMUSG00000030306,Tmtc1,0.9099281334054706
ENSMUSG00000030313,Dennd5b,-0.08232559063574893
ENSMUSG00000015189,Casd1,-0.6482646412215305
ENSMUSG00000092035,Peg10,-4.273292846901225
ENSMUSG00000032827,Ppp1r9a,0.7496445676365018
ENSMUSG00000042607,Asb4,-2.696027020088112
ENSMUSG00000042460,C1galt1,-1.7180228988925936
ENSMUSG00000046178,Nxph1,1.3626285212179814
ENSMUSG00000029563,Foxp2,0.46185672062370003
ENSMUSG00000060882,Kcnd2,2.566868975354062
ENSMUSG00000068748,Ptprz1,0.6315397196653775
ENSMUSG00000020440,Arf5,-4.926174019605869
ENSMUSG00000001424,Snd1,2.299328144892018
ENSMUSG00000029769,Ccdc136,-0.7421107697666296
ENSMUSG00000001763,Tspan33,-2.4446402527834645
ENSMUSG00000071553,Cpa2,-4.4463065439210565
ENSMUSG00000054446,Cpa1,-5.850714849245674
ENSMUSG00000051855,Mest,-4.091623288249061
ENSMUSG00000029761,Cald1,-2.2908559886612143
ENSMUSG00000038538,Ubn2,1.2386277641184331
ENSMUSG00000057716,Tmem178b,2.283237530140335
ENSMUSG00000029819,Npy,-6.626027095805031
ENSMUSG00000004633,Chn2,0.4417399479728528
ENSMUSG00000058446,Znrf2,-1.4973844595332753
ENSMUSG00000029777,Gars,-2.718781071497125
ENSMUSG00000029787,Avl9,-0.5398692185830091
ENSMUSG00000029804,Herc3,-0.5177142962819133
ENSMUSG00000029910,Mad2l1,-3.1274260413599966
ENSMUSG00000036402,Gng12,-0.7909975238495653
ENSMUSG00000058706,0610030E20Rik,-1.6071385579768518
ENSMUSG00000056737,Capg,-3.9818597507336153
ENSMUSG00000034744,Nagk,-1.0736607339963766
ENSMUSG00000029992,Gfpt1,-0.9892782319911858
ENSMUSG00000030062,Rpn1,-4.8665803797258365
ENSMUSG00000034648,Lrrn1,-1.766606942902026
ENSMUSG00000030102,Itpr1,1.0806087260840886
ENSMUSG00000030276,Ttll3,2.2567520223108137
ENSMUSG00000043088,Il17re,-1.9888756162559915
ENSMUSG00000030284,Creld1,-3.115813903956321
ENSMUSG00000060477,Irak2,-0.8349695341251486
ENSMUSG00000009394,Syn2,-0.4564547591263448
ENSMUSG00000061353,Cxcl12,-2.2709547873125966
ENSMUSG00000059689,Zfp637,-3.5888605595459246
ENSMUSG00000030180,Kdm5a,-0.9673159043148706
ENSMUSG00000071226,Cecr2,0.7209340254624338
ENSMUSG00000030107,Usp18,-2.403273650375876
ENSMUSG00000030327,Necap1,-1.847518277091203
ENSMUSG00000004270,Lpcat3,-1.3015448401991827
ENSMUSG00000030161,Gabarapl1,-2.421818392274522
ENSMUSG00000030200,Bcl2l14,-1.4490613110834203
ENSMUSG00000098318,Lockd,-1.062649588618897
ENSMUSG00000008540,Mgst1,-5.118502950005303
ENSMUSG00000030228,Pik3c2g,2.209714036109416
ENSMUSG00000030231,Plekha5,0.8081040040161329
ENSMUSG00000041681,Iapp,-7.0247873092137025
ENSMUSG00000030291,Med21,1.9628554768679407
ENSMUSG00000003452,Bicd1,0.38475390418121597
ENSMUSG00000063838,Cdc42ep5,-2.9735564840439914
ENSMUSG00000002266,Zim1,-0.29105405787661043
ENSMUSG00000002265,Peg3,-4.474232673313355
ENSMUSG00000040891,Foxa3,-1.9251439469308176
ENSMUSG00000030406,Gipr,-0.05603155486642476
ENSMUSG00000030403,Vasp,-3.4975730488966645
ENSMUSG00000003545,Fosb,-1.7030403812072892
ENSMUSG00000040714,Klc3,-2.6781835336346687
ENSMUSG00000051403,Ppp1r37,-2.00021839436955
ENSMUSG00000002983,Relb,-0.5848934941596965
ENSMUSG00000040564,Apoc1,-3.870744027340789
ENSMUSG00000003378,Grik5,-0.020682005836174692
ENSMUSG00000060376,Bckdha,-2.076503302535337
ENSMUSG00000089661,Mia,-4.461344858182794
ENSMUSG00000003363,Pld3,-3.0061557497227525
ENSMUSG00000003436,Dll3,-2.3068069926836032
ENSMUSG00000054808,Actn4,-0.6231569346162957
ENSMUSG00000074227,Spint2,-3.2849261548798023
ENSMUSG00000006651,Aplp1,-4.045389725897587
ENSMUSG00000036915,Kirrel2,-2.774363063452541
ENSMUSG00000051314,Ffar2,-6.0418544181263965
ENSMUSG00000058239,Usf2,-3.181103034449301
ENSMUSG00000057092,Fxyd3,-4.1458238949663455
ENSMUSG00000001248,Gramd1a,-2.537514260142088
ENSMUSG00000060402,Chst8,-1.1585390602886438
ENSMUSG00000063808,Gpatch1,-0.3466504008464327
ENSMUSG00000034875,Nudt19,-2.9434569515134763
ENSMUSG00000002968,Med25,-2.1967378957848998
ENSMUSG00000046574,Prr12,-1.737683869045514
ENSMUSG00000007837,Prrg2,-3.4166984244530623
ENSMUSG00000003271,Sult2b1,-2.5036210773882983
ENSMUSG00000003269,Cyth2,-4.620927889031652
ENSMUSG00000040136,Abcc8,-0.28461245521773465
ENSMUSG00000030838,Ush1c,-3.1381093714694885
ENSMUSG00000074093,Svip,-2.8111753337580048
ENSMUSG00000052040,Klf13,-1.9187698612966213
ENSMUSG00000030557,Mef2a,-0.005051638065179382
ENSMUSG00000042659,Arrdc4,-1.4899322280560583
ENSMUSG00000032776,Mctp2,1.4064109097258548
ENSMUSG00000078671,Chd2,-0.13626283390183747
ENSMUSG00000025789,St8sia2,-1.4884476255110164
ENSMUSG00000039062,Anpep,-3.3899851938201486
ENSMUSG00000030541,Idh2,-1.6025463141434575
ENSMUSG00000038886,Man2a2,-1.177302376544398
ENSMUSG00000062444,Ap3b2,-0.9643575002574226
ENSMUSG00000025813,Homer2,-1.497646390099837
ENSMUSG00000035401,Emsy,-1.480808489856959
ENSMUSG00000030718,Ppme1,0.04969651521396761
ENSMUSG00000032737,Inppl1,-4.223899004834652
ENSMUSG00000037032,Apbb1,-2.991675314153936
ENSMUSG00000038296,Galnt18,-0.2685857729777492
ENSMUSG00000030654,Arl6ip1,-3.165170616485105
ENSMUSG00000033917,Gde1,-3.2883674725090133
ENSMUSG00000030717,Nupr1,-3.1718248627103622
ENSMUSG00000030695,Aldoa,-4.876998332044381
ENSMUSG00000046378,Asphd1,-0.33872522268939176
ENSMUSG00000030677,Kif22,-1.5816086146322583
ENSMUSG00000042492,Tbc1d10b,-1.4651079411470591
ENSMUSG00000042462,Dctpp1,-4.899130324319382
ENSMUSG00000048170,Mcmbp,0.6480241268145089
ENSMUSG00000030849,Fgfr2,0.2586228896296661
ENSMUSG00000040167,Ikzf5,-0.8093389204992113
ENSMUSG00000030956,Fam53b,-0.4387056024683185
ENSMUSG00000031004,Mki67,-2.053219017075076
ENSMUSG00000041775,Mapk1ip1,-1.909021325721896
ENSMUSG00000038580,Sct,-4.3421264600991085
ENSMUSG00000025512,Chid1,-2.6937850834335784
ENSMUSG00000000031,H19,-2.9210923314927832
ENSMUSG00000048583,Igf2,-1.0706407065593144
ENSMUSG00000000215,Ins2,0.9480863315888476
ENSMUSG00000037664,Cdkn1c,-4.493622192314656
ENSMUSG00000070348,Ccnd1,-5.050725837442156
ENSMUSG00000030428,Ttyh1,-2.9205609812113225
ENSMUSG00000035390,Brsk1,-0.04452428747342823
ENSMUSG00000051527,Usp29,1.5164223938797488
ENSMUSG00000056394,Lig1,-3.029004919584016
ENSMUSG00000006021,Kptn,-0.8494179060968264
ENSMUSG00000041420,Meis3,-2.6619927674418635
ENSMUSG00000040811,Eml2,-1.1748947648814982
ENSMUSG00000040952,Rps19,-5.745724533714611
ENSMUSG00000063160,Numbl,-2.469227854989253
ENSMUSG00000037166,Ppp1r14a,-3.103897095383149
ENSMUSG00000013921,Clip3,-1.8059870022829767
ENSMUSG00000036892,Prodh2,-2.2964838932236646
ENSMUSG00000030494,Rhpn2,-0.7087226102586445
ENSMUSG00000021217,Tshz3,1.0164503703865138
ENSMUSG00000062785,Kcnc3,-1.2810109524347306
ENSMUSG00000030796,Tead2,-3.6354561538004786
ENSMUSG00000063229,Ldha,-4.882868264786966
ENSMUSG00000055409,Nell1,0.4455943187090473
ENSMUSG00000030498,Gas2,-0.9686318381828278
ENSMUSG00000033676,Gabrb3,1.0069858422456484
ENSMUSG00000005533,Igf1r,0.962649370852172
ENSMUSG00000078670,Fam174b,-2.9125922137855915
ENSMUSG00000039236,Isg20,-2.3039261918652683
ENSMUSG00000039202,Abhd2,-0.5274344566574805
ENSMUSG00000048897,Zfp710,-0.12545336506436872
ENSMUSG00000038943,Prc1,-0.7552241790649815
ENSMUSG00000097789,Gm2115,-2.494852191132638
ENSMUSG00000048078,Tenm4,-0.008765605916978862
ENSMUSG00000035623,Rsf1,-0.6016595154467551
ENSMUSG00000030691,Fchsd2,1.5014996327511227
ENSMUSG00000030688,Stard10,0.7004821140431289
ENSMUSG00000030978,Rrm1,-2.1323906060983284
ENSMUSG00000062542,Syt9,0.3057608618516343
ENSMUSG00000061079,Zfp143,-0.7459694748512641
ENSMUSG00000038156,Spon1,0.552232829416804
ENSMUSG00000030671,Pde3b,-0.19778976710207208
ENSMUSG00000030659,Nucb2,-3.3223431337734155
ENSMUSG00000030657,Xylt1,1.2274402374220368
ENSMUSG00000042978,Sbk1,-1.9728133978022568
ENSMUSG00000042675,Ypel3,-4.129630658143863
ENSMUSG00000030683,Sez6l2,-1.3314381375096291
ENSMUSG00000042105,Inpp5f,-1.1147142929239848
ENSMUSG00000040268,Plekha1,-0.5522615914514236
ENSMUSG00000030861,Acadsb,-0.9333878074783252
ENSMUSG00000025477,Inpp5a,0.14084622389465287
ENSMUSG00000025505,Tmem80,-0.8315115360148355
ENSMUSG00000025504,Eps8l2,-0.548008933835201
ENSMUSG00000045752,Tssc4,-0.6809608168391488
ENSMUSG00000009545,Kcnq1,1.6018309728934712
ENSMUSG00000037541,Shank2,2.2433059968018725
ENSMUSG00000022322,Shcbp1,-0.7203562116772757
ENSMUSG00000079157,Fam155a,2.5587110937388404
ENSMUSG00000038515,Grtp1,-1.1939754448756594
ENSMUSG00000031451,Gas6,-3.2291895792517007
ENSMUSG00000037725,Ckap2,-0.5891362351625301
ENSMUSG00000065954,Tacc1,-0.14200647345146405
ENSMUSG00000061313,Ddhd2,-0.005982761077785039
ENSMUSG00000037316,Bag4,-1.0210671681395642
ENSMUSG00000031586,Rbpms,0.4552963175035105
ENSMUSG00000039431,Mtmr7,-1.1280158782557612
ENSMUSG00000038069,Cdkn2aip,-1.1666526139712596
ENSMUSG00000031561,Tenm3,1.6798583511285947
ENSMUSG00000037852,Cpe,-2.283465542078681
ENSMUSG00000031604,Msmo1,-1.8779569738652924
ENSMUSG00000036330,Slc18a1,0.365487756776399
ENSMUSG00000036306,Lzts1,-0.8583758014872466
ENSMUSG00000055707,Klhl26,0.19371169221504367
ENSMUSG00000070003,Ssbp4,-2.733790559886978
ENSMUSG00000002393,Nr2f6,-0.5080155091723976
ENSMUSG00000046718,Bst2,-2.880151893073512
ENSMUSG00000034799,Unc13a,0.1239987005481383
ENSMUSG00000031617,Tmem184c,-2.263166130262741
ENSMUSG00000057672,Pkn1,-0.7394154374125496
ENSMUSG00000001911,Nfix,-0.0074981409299842705
ENSMUSG00000003814,Calr,-5.794374680622871
ENSMUSG00000036902,Neto2,-0.2669765848827709
ENSMUSG00000031703,Itfg1,-0.9220656999491342
ENSMUSG00000045333,Zfp423,0.9002527685296928
ENSMUSG00000043668,Tox3,-0.07017903899126741
ENSMUSG00000056973,Ces1d,-2.4951903462012925
ENSMUSG00000031788,Kifc3,-1.318251487404628
ENSMUSG00000031673,Cdh11,0.2364393294180681
ENSMUSG00000039199,Zdhhc1,0.5054473869434769
ENSMUSG00000013160,Atp6v0d1,-2.064693076937357
ENSMUSG00000003849,Nqo1,-2.4421608876957577
ENSMUSG00000033596,Rfwd3,0.5630680505848167
ENSMUSG00000033579,Fa2h,-0.4261334340132776
ENSMUSG00000031957,Ctrb1,-4.849852157716081
ENSMUSG00000053399,Adamts18,1.0840665437218964
ENSMUSG00000031758,Cdyl2,0.019122003567527742
ENSMUSG00000031827,Cotl1,-2.7438282191367453
ENSMUSG00000042269,Fam92b,-3.148317366219306
ENSMUSG00000031821,Gins2,-4.841096590963235
ENSMUSG00000040010,Slc7a5,-1.7320828354338385
ENSMUSG00000006519,Cyba,-4.118779252577272
ENSMUSG00000015027,Galns,-1.2423103875532704
ENSMUSG00000006362,Cbfa2t3,-1.3876299726520154
ENSMUSG00000031983,2310022B05Rik,-3.550688519037817
ENSMUSG00000031442,Mcf2l,-0.5526165945365827
ENSMUSG00000038497,Tmco3,-0.5809051568844611
ENSMUSG00000038365,Fbxo25,-0.9432529681128398
ENSMUSG00000031570,Plpp5,-2.9444514232438674
ENSMUSG00000049184,Purg,0.21156865997695745
ENSMUSG00000097442,Gm26632,0.10496523754572558
ENSMUSG00000071113,Mboat4,-0.8570653237949755
ENSMUSG00000070056,Mfhas1,-0.8535456304527752
ENSMUSG00000039530,Tusc3,-2.4174360563786084
ENSMUSG00000039478,Micu3,-0.584253206923989
ENSMUSG00000031600,Vps37a,-1.7956365955782665
ENSMUSG00000031596,Slc7a2,-0.3112534405384397
ENSMUSG00000031631,Cfap97,-1.0303299095210754
ENSMUSG00000018796,Acsl1,0.4659031085903527
ENSMUSG00000031628,Casp3,-0.3900473154578896
ENSMUSG00000031613,Hpgd,-1.4576031408247032
ENSMUSG00000038206,Fbxo8,-1.7092220605257715
ENSMUSG00000054717,Hmgb2,-5.137666600982348
ENSMUSG00000031644,Nek1,-0.5775586221194293
ENSMUSG00000054162,Spock3,-0.2434119495648416
ENSMUSG00000014907,Naf1,-1.3439544791738396
ENSMUSG00000053886,Sh2d4a,-0.5062904233517317
ENSMUSG00000006273,Atp6v1b2,-1.9091110579710449
ENSMUSG00000019139,Isyna1,-3.7631412965666233
ENSMUSG00000031799,Tpm4,-1.1338896829330145
ENSMUSG00000031791,Tmem38a,-1.2987578087256748
ENSMUSG00000031709,Tbc1d9,0.3630500397638205
ENSMUSG00000005470,Asf1b,-3.06028423478188
ENSMUSG00000034656,Cacna1a,2.670244901778002
ENSMUSG00000033751,Gadd45gip1,-5.474474045312913
ENSMUSG00000003824,Syce2,-2.9637974613096825
ENSMUSG00000003812,Dnase2a,-1.9028003543467864
ENSMUSG00000097248,Gm2694,-2.8051899335177146
ENSMUSG00000036712,Cyld,-0.19170193530082336
ENSMUSG00000031748,Gnao1,0.8219978104869963
ENSMUSG00000031762,Mt2,-5.340464196608801
ENSMUSG00000031765,Mt1,-5.297453220030212
ENSMUSG00000031770,Herpud1,-1.5663938924419645
ENSMUSG00000050079,Rspry1,-0.2440789249253245
ENSMUSG00000031778,Cx3cl1,-1.5367265364955969
ENSMUSG00000031885,Cbfb,-1.0709252370593614
ENSMUSG00000031889,D230025D16Rik,-0.4413110661586877
ENSMUSG00000031907,Zfp90,-1.0385607439701796
ENSMUSG00000000303,Cdh1,-0.4528043878196708
ENSMUSG00000038872,Zfhx3,-0.17733711976534633
ENSMUSG00000031950,Gabarapl2,-4.022704038860788
ENSMUSG00000031767,Nudt7,-1.8076260808070428
ENSMUSG00000046844,Vat1l,0.035852933158457015
ENSMUSG00000031845,Bco1,-1.4980589390807852
ENSMUSG00000034390,Cmip,0.33781897222273344
ENSMUSG00000074063,Osgin1,-2.5610795129779884
ENSMUSG00000031837,Necab2,-3.0523598118627056
ENSMUSG00000031822,Gse1,1.831383690704492
ENSMUSG00000049577,Zfpm1,-1.2406419062763203
ENSMUSG00000006585,Cdt1,-1.950305805814696
ENSMUSG00000015013,Trappc2l,-3.608776317497033
ENSMUSG00000010154,Spire2,-0.4996281006834544
ENSMUSG00000062380,Tubb3,-1.5926767685078584
ENSMUSG00000039960,Rhou,-0.8168353371746587
ENSMUSG00000033998,Kcnk1,-2.5808566502339048
ENSMUSG00000025812,Pard3,1.9861712548783363
ENSMUSG00000025810,Nrp1,-0.7050989188935829
ENSMUSG00000047193,Dync2h1,0.060771434568327176
ENSMUSG00000040729,Cep126,0.03171695718583612
ENSMUSG00000013076,Amotl1,-1.6974387060076548
ENSMUSG00000004099,Dnmt1,-3.0187435538759475
ENSMUSG00000032182,Yipf2,-2.8139225143727606
ENSMUSG00000074476,Spc24,-3.122822512164632
ENSMUSG00000032198,Dock6,0.6744929166420702
ENSMUSG00000003410,Elavl3,-1.6819099004629958
ENSMUSG00000036395,Glb1l2,-1.8384994404799824
ENSMUSG00000031990,Jam3,-1.7701328593411303
ENSMUSG00000031996,Aplp2,-0.9734310870536328
ENSMUSG00000032038,St3gal4,0.53291639596672
ENSMUSG00000001948,Spa17,-2.2202239365395733
ENSMUSG00000002028,Kmt2a,-1.0822433438357095
ENSMUSG00000066687,Zbtb16,0.22115822185123127
ENSMUSG00000039542,Ncam1,-0.06820224839748454
ENSMUSG00000032064,Dixdc1,0.4079555377456309
ENSMUSG00000032047,Acat1,-2.4485069311315173
ENSMUSG00000041986,Elmod1,0.07057252983614945
ENSMUSG00000041268,Dmxl2,-0.8389701026198064
ENSMUSG00000037493,Cib2,-3.359364506254195
ENSMUSG00000034007,Scaper,0.5783867347729009
ENSMUSG00000049556,Lingo1,-1.8767240695675635
ENSMUSG00000025235,Bbs4,-1.5467840567883515
ENSMUSG00000032289,Thsd4,1.5499805615917526
ENSMUSG00000032254,Kif23,-0.5214689973844933
ENSMUSG00000041729,Coro2b,-0.6537893614215038
ENSMUSG00000032370,Lactb,-1.2929074842228805
ENSMUSG00000032366,Tpm1,-1.1467774911667756
ENSMUSG00000032218,Ccnb2,-3.489653977022397
ENSMUSG00000032181,Scg3,-2.2282405274021877
ENSMUSG00000049624,Slc17a5,-0.5861308045958027
ENSMUSG00000034898,Filip1,0.6201236432710517
ENSMUSG00000032253,Phip,-0.9101741265031321
ENSMUSG00000066456,Hmgn3,-4.728912618629095
ENSMUSG00000032422,Snx14,-1.0566142819213844
ENSMUSG00000032839,Trpc1,0.02995794587409608
ENSMUSG00000032413,Rasa2,0.26485239726545656
ENSMUSG00000046997,Spsb4,-1.4711635977676802
ENSMUSG00000032452,Clstn2,1.3063946723853248
ENSMUSG00000032470,Mras,-1.7825016553371382
ENSMUSG00000070287,Slc35g2,-1.6453906871196669
ENSMUSG00000042757,Tmem108,1.1519475368482766
ENSMUSG00000032570,Atp2c1,1.91211371500729
ENSMUSG00000039461,Tcta,-1.916512680215652
ENSMUSG00000032609,Klhdc8b,-3.7888904374025776
ENSMUSG00000066357,Wdr6,-2.354477135016244
ENSMUSG00000006675,P4htm,-0.854051038517596
ENSMUSG00000032436,Cmtm7,-2.1772796660452403
ENSMUSG00000041012,Cmtm8,-1.565759983978278
ENSMUSG00000039607,Rbms3,1.7737071352744131
ENSMUSG00000032532,Cck,-6.3828977051193725
ENSMUSG00000038412,Higd1a,-3.4808393071595987
ENSMUSG00000031918,Mtmr2,-1.2181547612262404
ENSMUSG00000032009,Sesn3,-0.9228782570516878
ENSMUSG00000058173,Smco4,-4.14803753353263
ENSMUSG00000033335,Dnm2,0.38269141155353376
ENSMUSG00000032193,Ldlr,-0.06315969615378382
ENSMUSG00000040563,Plppr2,-0.518289072808045
ENSMUSG00000036611,Eepd1,-1.2245213537528694
ENSMUSG00000041444,Arhgap32,0.4247323633601329
ENSMUSG00000015656,Hspa8,-1.1991926806760698
ENSMUSG00000032115,Hyou1,-2.3222857222921984
ENSMUSG00000066705,Fxyd6,-4.133427819222912
ENSMUSG00000086914,Gm16124,-0.559942691362526
ENSMUSG00000025232,Hexa,-3.426368431185226
ENSMUSG00000032280,Tle3,-0.3735021593093583
ENSMUSG00000032246,Calml4,-2.9140286075741852
ENSMUSG00000032397,Tipin,-2.487415313856017
ENSMUSG00000036466,Megf11,1.427102515544372
ENSMUSG00000032383,Ppib,-4.614716608423248
ENSMUSG00000038664,Herc1,-0.3406965665523182
ENSMUSG00000032238,Rora,3.518698481282013
ENSMUSG00000032231,Anxa2,-1.8221940996951933
ENSMUSG00000038535,Zfp280d,0.25327896398303457
ENSMUSG00000032202,Rab27a,-0.2420500327690465
ENSMUSG00000034858,Fam214a,0.6962113810986699
ENSMUSG00000032184,Lysmd2,-2.976251698110944
ENSMUSG00000007908,Hmgcll1,0.1235198817748968
ENSMUSG00000033577,Myo6,-0.6464603697452328
ENSMUSG00000032425,Zfp949,0.03806687466067664
ENSMUSG00000032356,Rasgrf1,0.5029749275365414
ENSMUSG00000032359,Ctsh,-2.9467260184481736
ENSMUSG00000031129,Slc9a9,1.3389248061572006
ENSMUSG00000046402,Rbp1,-3.4676196278963296
ENSMUSG00000056267,Cep70,-0.9699294060949476
ENSMUSG00000032531,Amotl2,-3.225342111308797
ENSMUSG00000023345,Poc1a,-1.8773784705681729
ENSMUSG00000032601,Prkar2a,-0.3502435270518041
ENSMUSG00000025647,Shisa5,-3.4201428592161567
ENSMUSG00000061393,Acvr2b,-2.2416098502993544
ENSMUSG00000041608,Entpd3,-0.017986796914491832
ENSMUSG00000038145,Snrk,-1.7533425213152205
ENSMUSG00000031161,Hdac6,-1.761659046698972
ENSMUSG00000031163,Glod5,-3.1833198475097286
ENSMUSG00000031171,Ftsj1,-1.8987443033771816
ENSMUSG00000040363,Bcor,-0.07430143702068863
ENSMUSG00000040147,Maob,-1.4565530190909362
ENSMUSG00000037217,Syn1,-0.8615485068912052
ENSMUSG00000036782,Klhl13,-0.7771673194027886
ENSMUSG00000059708,Akap17b,-0.7208783599220887
ENSMUSG00000079641,Rpl39,-5.672034420091827
ENSMUSG00000016427,Ndufa1,-4.220399470680794
ENSMUSG00000031099,Smarca1,-1.82997031327084
ENSMUSG00000031119,Gpc4,-0.7378623059895507
ENSMUSG00000055653,Gpc3,0.3471319339191693
ENSMUSG00000023074,Mospd1,-0.16037182441378975
ENSMUSG00000031134,Rbmx,-1.3031977367850949
ENSMUSG00000035847,Ids,-2.500737478728288
ENSMUSG00000002006,Pdzd4,0.6568443861381319
ENSMUSG00000025059,Gk,-1.0551296129015508
ENSMUSG00000006678,Pola1,0.3320684828872104
ENSMUSG00000035232,Pdk3,-1.676248773381339
ENSMUSG00000025656,Arhgef9,-0.054877288174781935
ENSMUSG00000050332,Amer1,-3.4100301862804376
ENSMUSG00000031320,Rps4x,-4.924383187779665
ENSMUSG00000086503,Xist,-4.7070692549264415
ENSMUSG00000031245,Hmgn5,-2.767651172028037
ENSMUSG00000031255,Sytl4,-1.9408468193714945
ENSMUSG00000042750,Bex2,-5.556294731545352
ENSMUSG00000072955,Tmsb15l,-3.430546875210293
ENSMUSG00000044348,Slc25a53,-1.3672861669492171
ENSMUSG00000031285,Dcx,-1.190021511110045
ENSMUSG00000041710,Trpc5,0.3256043949837263
ENSMUSG00000031290,Lrch2,-0.4765180822930992
ENSMUSG00000025268,Maged2,-2.7477400242703904
ENSMUSG00000025266,Gnl3l,-0.919891356349412
ENSMUSG00000025283,Sat1,-3.926790763975029
ENSMUSG00000025289,Prdx4,-2.7715905006287938
ENSMUSG00000071708,Sms,-2.3026526952790287
ENSMUSG00000040855,Reps2,0.211339517013936
ENSMUSG00000038344,Txlng,0.06276059781816276
ENSMUSG00000049775,Tmsb4x,-7.077361262425567
ENSMUSG00000031144,Syp,-1.0164971085115713
ENSMUSG00000031153,Gripap1,-1.0277401081890467
ENSMUSG00000031155,Pim2,-1.0412503955314774
ENSMUSG00000039278,Pcsk1n,-5.4364366388447465
ENSMUSG00000031170,Slc38a5,-6.295864955376749
ENSMUSG00000054453,Sytl5,1.2787378248618
ENSMUSG00000058254,Tspan7,-1.8801553678619616
ENSMUSG00000031007,Atp6ap2,-1.7241977974189415
ENSMUSG00000031010,Usp9x,0.6022190156888576
ENSMUSG00000037315,Jade3,0.4306212230208342
ENSMUSG00000031066,Usp11,-1.9562034740242384
ENSMUSG00000031093,Dock11,0.5759820976814088
ENSMUSG00000017057,Il13ra1,-1.0346207389671451
ENSMUSG00000006373,Pgrmc1,-4.659384479184023
ENSMUSG00000016319,Slc25a5,-7.99362687605142
ENSMUSG00000001986,Gria3,1.5804871954712223
ENSMUSG00000001173,Ocrl,0.2264465703359645
ENSMUSG00000036198,Arhgap36,-2.042118628209714
ENSMUSG00000031189,Aff2,1.6599703674567732
ENSMUSG00000059401,Mamld1,0.628425069237394
ENSMUSG00000015217,Hmgb3,-4.639318043856721
ENSMUSG00000002014,Ssr4,-3.3581776918442783
ENSMUSG00000019087,Atp6ap1,-2.25575710024352
ENSMUSG00000015291,Gdi1,-4.343331059381353
ENSMUSG00000035277,Arx,-4.38342853687974
ENSMUSG00000035246,Pcyt1b,-0.6973340332078832
ENSMUSG00000059327,Eda,3.0715236494168408
ENSMUSG00000031327,Chic1,-0.2532299674694991
ENSMUSG00000034480,Diaph2,1.3243560564874122
ENSMUSG00000079435,Rpl36a,-4.753545376110572
ENSMUSG00000031438,Rnf128,-1.0826269379102174
ENSMUSG00000031432,Prps1,-3.1597174539430046
ENSMUSG00000079418,Atg4a,0.31040308417729034
ENSMUSG00000031284,Pak3,-1.0164708556293829
ENSMUSG00000025265,Fgd1,-0.9812674023184496
ENSMUSG00000041245,Wnk3,-0.6697555113905965
ENSMUSG00000025260,Hsd17b10,-4.690924172007
ENSMUSG00000041658,Rragb,0.16453132826440836
ENSMUSG00000041020,Map7d2,-0.6744799034122528
ENSMUSG00000040990,Sh3kbp1,0.059529622523470674
ENSMUSG00000031303,Map3k15,-0.4729665744357401
ENSMUSG00000043518,Rai2,-1.5399435667063766
ENSMUSG00000031353,Rbbp7,-2.4034372311200105
ENSMUSG00000031367,Ap1s2,-0.39156619702998935
ENSMUSG00000068457,Uty,1.5336342572683606
ENSMUSG00000069045,Ddx3y,-0.32312323630848633
ENSMUSG00000069049,Eif2s3y,-1.0593896909012197
ENSMUSG00000095562,Erdr1,0.2982243815166136
