,gene_id,gene_name,velocity_gamma
0,ENSG00000273748,AL592183.1,1.8775783
1,ENSG00000175756,AURKAIP1,0.01376965
2,ENSG00000242485,MRPL20,0.042718157
3,ENSG00000160075,SSU72,0.0348291
4,ENSG00000074800,ENO1,0.031997524
5,ENSG00000171603,CLSTN1,0.75292027
6,ENSG00000177000,MTHFR,0.2830901
7,ENSG00000132906,CASP9,0.34835264
8,ENSG00000179743,AL450998.2,0.22614594
9,ENSG00000159363,ATP13A2,0.28813043
10,ENSG00000053371,AKR7A2,0.069345936
11,ENSG00000127483,HP1BP3,0.5883725999999999
12,ENSG00000075151,EIF4G3,5.5266720000000005
13,ENSG00000117298,ECE1,1.9037366
14,ENSG00000142798,HSPG2,1.0151477
15,ENSG00000007968,E2F2,0.4133398
16,ENSG00000117305,HMGCL,0.29216328
17,ENSG00000117614,SYF2,0.01982696
18,ENSG00000117616,RSRP1,4.1449704
19,ENSG00000188672,RHCE,3.1296027000000004
20,ENSG00000127423,AUNIP,3.4963624
21,ENSG00000117632,STMN1,0.119914524
22,ENSG00000142751,GPN2,0.2486405
23,ENSG00000158195,WASF2,0.14062187
24,ENSG00000158161,EYA3,1.8697364
25,ENSG00000197989,SNHG12,0.6481295
26,ENSG00000120656,TAF12,0.9068149
27,ENSG00000162511,LAPTM5,0.008426661
28,ENSG00000162520,SYNC,0.1122648
29,ENSG00000116560,SFPQ,0.2538126
30,ENSG00000092853,CLSPN,0.23201771
31,ENSG00000134697,GNL2,0.1523394
32,ENSG00000116922,C1orf109,0.72311157
33,ENSG00000117394,SLC2A1,0.09957845
34,ENSG00000117395,EBNA1BP2,0.021210346
35,ENSG00000159479,MED8,0.3986333
36,ENSG00000117450,PRDX1,0.01695142
37,ENSG00000117862,TXNDC12,0.8678781999999999
38,ENSG00000085840,ORC1,0.42085034
39,ENSG00000116209,TMEM59,0.10236546
40,ENSG00000157216,SSBP3,2.101678
41,ENSG00000116133,DHCR24,0.09446204
42,ENSG00000162604,TM2D1,0.4141177
43,ENSG00000116641,DOCK7,1.5677543
44,ENSG00000142864,SERBP1,0.020457698
45,ENSG00000024526,DEPDC1,0.10560098
46,ENSG00000162613,FUBP1,0.92451465
47,ENSG00000162642,C1orf52,0.07753134
48,ENSG00000142867,BCL10,0.23680168
49,ENSG00000137947,GTF2B,0.4730644
50,ENSG00000067208,EVI5,1.9550284
51,ENSG00000223745,CCDC18-AS1,5.823556
52,ENSG00000023909,GCLM,0.27080524
53,ENSG00000137992,DBT,0.65627885
54,ENSG00000085491,SLC25A24,0.45106447
55,ENSG00000197780,TAF13,0.20750603
56,ENSG00000134222,PSRC1,0.0370578
57,ENSG00000143106,PSMA5,0.08130354
58,ENSG00000155366,RHOC,0.017707433999999998
59,ENSG00000116793,PHTF1,1.7155173
60,ENSG00000265808,SEC22B,0.58246034
61,ENSG00000131779,PEX11B,0.27037105
62,ENSG00000265972,TXNIP,0.03127391
63,ENSG00000163131,CTSS,0.5481781
64,ENSG00000197622,CDC42SE1,0.23507906
65,ENSG00000163191,S100A11,0.007096924
66,ENSG00000197956,S100A6,0.010974736
67,ENSG00000189171,S100A13,0.021671144
68,ENSG00000143545,RAB13,0.009052247
69,ENSG00000143627,PKLR,0.09800949
70,ENSG00000143622,RIT1,0.084782965
71,ENSG00000132680,KHDC4,0.9819828000000002
72,ENSG00000116584,ARHGEF2,2.017484
73,ENSG00000163479,SSR2,0.04714145
74,ENSG00000116604,MEF2D,0.5958823000000001
75,ENSG00000027869,SH2D2A,0.12797473
76,ENSG00000122218,COPA,0.43017057
77,ENSG00000066294,CD84,0.044395324000000014
78,ENSG00000158769,F11R,0.07568829
79,ENSG00000143162,CREG1,0.3654229000000001
80,ENSG00000234741,GAS5,0.027884917
81,ENSG00000135821,GLUL,0.0035340488
82,ENSG00000116406,EDEM3,0.939453
83,ENSG00000135842,NIBAN1,17.50214
84,ENSG00000066279,ASPM,0.23496847
85,ENSG00000213047,DENND1B,2.3428311
86,ENSG00000162702,ZNF281,0.07735951
87,ENSG00000118193,KIF14,1.0407718
88,ENSG00000143851,PTPN7,0.31631884
89,ENSG00000117139,KDM5B,1.8181287
90,ENSG00000159346,ADIPOR1,0.096530624
91,ENSG00000227591,HSD11B1-AS1,0.5786926
92,ENSG00000143751,SDE2,0.27655506
93,ENSG00000182827,ACBD3,0.5274592
94,ENSG00000143776,CDC42BPA,2.4187975
95,ENSG00000143643,TTC13,1.432
96,ENSG00000182118,FAM89A,0.110302575
97,ENSG00000135766,EGLN1,0.6533975999999999
98,ENSG00000231663,COA6-AS1,0.90968925
99,ENSG00000086619,ERO1B,0.9807869
100,ENSG00000091483,FH,0.041769400000000005
101,ENSG00000185420,SMYD3,2.0710077
102,ENSG00000187608,ISG15,0.102343395
103,ENSG00000160072,ATAD3B,0.42131427
104,ENSG00000235169,SMIM1,0.05280219
105,ENSG00000284668,LINC02780,2.0267723
106,ENSG00000069424,KCNAB2,1.5574609
107,ENSG00000173614,NMNAT1,2.079974
108,ENSG00000130939,UBE4B,2.8090065
109,ENSG00000120948,TARDBP,6.2941970000000005
110,ENSG00000116663,FBXO6,0.238694
111,ENSG00000197312,DDI2,0.5522222
112,ENSG00000230424,EMC1-AS1,8.907212
113,ENSG00000158828,PINK1,0.293829
114,ENSG00000070831,CDC42,0.09712173
115,ENSG00000142669,SH3BGRL3,0.003377243
116,ENSG00000169442,CD52,0.008013784
117,ENSG00000009780,FAM76A,0.30405638
118,ENSG00000130770,ATP5IF1,0.06063287
119,ENSG00000130766,SESN2,0.6009825
120,ENSG00000162419,GMEB1,0.98260766
121,ENSG00000134698,AGO4,2.145076
122,ENSG00000092847,AGO1,0.72625196
123,ENSG00000126070,AGO3,1.7320082
124,ENSG00000134690,CDCA8,0.39445376
125,ENSG00000230955,AL929472.2,2.5837824
126,ENSG00000131236,CAP1,0.039926544
127,ENSG00000065978,YBX1,0.013280262
128,ENSG00000164010,ERMAP,0.6441299
129,ENSG00000117399,CDC20,0.021332715
130,ENSG00000142945,KIF2C,0.3225881
131,ENSG00000126088,UROD,0.045314018
132,ENSG00000117448,AKR1A1,0.24874091
133,ENSG00000132780,NASP,0.46751028
134,ENSG00000123080,CDKN2C,0.03561618
135,ENSG00000123091,RNF11,0.4513127000000001
136,ENSG00000162378,ZYG11B,1.0104544
137,ENSG00000169174,PCSK9,0.23147081
138,ENSG00000172456,FGGY,1.286986
139,ENSG00000162599,NFIA,3.1175647
140,ENSG00000162594,IL23R,1.2994323
141,ENSG00000081985,IL12RB2,5.2558436
142,ENSG00000116717,GADD45A,0.032515805
143,ENSG00000116761,CTH,0.35970634
144,ENSG00000142875,PRKACB,3.2891227999999995
145,ENSG00000097033,SH3GLB1,0.082705915
146,ENSG00000143013,LMO4,0.08911637
147,ENSG00000197147,LRRC8B,1.2143043
148,ENSG00000137942,FNBP1L,1.3398968
149,ENSG00000117528,ABCD3,0.46482873
150,ENSG00000152078,TLCD4,0.31152532
151,ENSG00000117569,PTBP2,7.0609850000000005
152,ENSG00000162688,AGL,0.4881073
153,ENSG00000162695,SLC30A7,1.3128246
154,ENSG00000233184,AC093157.1,0.8084579000000001
155,ENSG00000185946,RNPC3,1.1362613
156,ENSG00000215717,TMEM167B,0.059682433
157,ENSG00000143119,CD53,0.11910865
158,ENSG00000064886,CHI3L2,0.24276872
159,ENSG00000116489,CAPZA1,0.20699352
160,ENSG00000198162,MAN1A2,0.90942484
161,ENSG00000092621,PHGDH,0.1649433
162,ENSG00000121851,POLR3GL,0.118195616
163,ENSG00000143369,ECM1,0.09267605
164,ENSG00000143379,SETDB1,1.7750596
165,ENSG00000213190,MLLT11,0.038029246
166,ENSG00000163156,SCNM1,0.25440547
167,ENSG00000143376,SNX27,0.62820446
168,ENSG00000160678,S100A1,0.103673376
169,ENSG00000177954,RPS27,0.005002638
170,ENSG00000143569,UBAP2L,1.4084456
171,ENSG00000169241,SLC50A1,1.6975011000000002
172,ENSG00000160752,FDPS,0.39523834
173,ENSG00000198400,NTRK1,0.16583489
174,ENSG00000163565,IFI16,0.5859368
175,ENSG00000158793,NIT1,1.0477253
176,ENSG00000152332,UHMK1,0.4388326
177,ENSG00000117143,UAP1,0.14438656
178,ENSG00000132196,HSD17B7,0.26043364
179,ENSG00000143228,NUF2,0.30787072
180,ENSG00000143190,POU2F1,2.8749175
181,ENSG00000198771,RCSD1,0.86446387
182,ENSG00000143164,DCAF6,2.3504853
183,ENSG00000213064,SFT2D2,0.28958568
184,ENSG00000076321,KLHL20,2.2248478
185,ENSG00000116199,FAM20B,0.61904085
186,ENSG00000116260,QSOX1,0.32456753
187,ENSG00000143324,XPR1,2.7804556
188,ENSG00000000971,CFH,0.7740632
189,ENSG00000081237,PTPRC,0.54858303
190,ENSG00000134369,NAV1,1.6959893
191,ENSG00000077157,PPP1R12B,5.087054
192,ENSG00000058668,ATP2B4,1.964237
193,ENSG00000198625,MDM4,0.3731392
194,ENSG00000266094,RASSF5,0.14235722
195,ENSG00000196352,CD55,1.063828
196,ENSG00000197721,CR1L,2.0404198
197,ENSG00000117335,CD46,1.5262236999999998
198,ENSG00000117625,RCOR3,1.3525299
199,ENSG00000153363,LINC00467,0.19944012
200,ENSG00000066027,PPP2R5A,0.5007838
201,ENSG00000162772,ATF3,0.46209285
202,ENSG00000203705,TATDN3,1.6301569
203,ENSG00000136643,RPS6KC1,4.252144
204,ENSG00000117724,CENPF,0.17025432
205,ENSG00000136636,KCTD3,0.6601175
206,ENSG00000067533,RRP15,0.11178918
207,ENSG00000154305,MIA3,0.48281124
208,ENSG00000163050,COQ8A,0.4624357
209,ENSG00000154358,OBSCN,0.93935657
210,ENSG00000168159,RNF187,0.042685714000000013
211,ENSG00000135750,KCNK1,1.2683903
212,ENSG00000054282,SDCCAG8,2.634092
213,ENSG00000162852,CNST,2.2567313
214,ENSG00000067064,IDI1,0.07619464
215,ENSG00000198879,SFMBT2,7.245475
216,ENSG00000148468,FAM171A1,2.0459597
217,ENSG00000136770,DNAJC1,0.65756375
218,ENSG00000254635,WAC-AS1,0.43971327
219,ENSG00000107951,MTPAP,0.26721147
220,ENSG00000170759,KIF5B,0.09933887
221,ENSG00000120616,EPC1,1.3979768999999995
222,ENSG00000165406,MARCH8,0.79696167
223,ENSG00000266412,NCOA4,0.10508488
224,ENSG00000204161,TMEM273,0.21707784
225,ENSG00000108176,DNAJC12,0.17010260000000002
226,ENSG00000148634,HERC4,2.6221626
227,ENSG00000204130,RUFY2,2.407925
228,ENSG00000079332,SAR1A,0.05510093
229,ENSG00000107738,VSIR,0.03724015
230,ENSG00000197746,PSAP,0.059890117
231,ENSG00000122884,P4HA1,0.57604533
232,ENSG00000107758,PPP3CB,2.2521033
233,ENSG00000166348,USP54,2.4535086
234,ENSG00000148660,CAMK2G,0.9407697
235,ENSG00000079393,DUSP13,0.13327678
236,ENSG00000165424,ZCCHC24,0.35672325
237,ENSG00000138138,ATAD1,0.75418377
238,ENSG00000226688,ENTPD1-AS1,6.7623034
239,ENSG00000052749,RRP12,0.4944932
240,ENSG00000120053,GOT1,0.65740466
241,ENSG00000148841,ITPRIP,1.1273153
242,ENSG00000108039,XPNPEP1,0.37421426
243,ENSG00000065154,OAT,0.16000456
244,ENSG00000148773,MKI67,0.029731775
245,ENSG00000176171,BNIP3,0.01601315
246,ENSG00000165568,AKR1E2,3.6203828
247,ENSG00000187134,AKR1C1,0.29801112
248,ENSG00000048740,CELF2,0.55229175
249,ENSG00000181192,DHTKD1,0.6057808000000001
250,ENSG00000151465,CDC123,0.23693651
251,ENSG00000065328,MCM10,0.39860615
252,ENSG00000026025,VIM,0.011565992
253,ENSG00000148450,MSRB2,0.04782248
254,ENSG00000095739,BAMBI,0.22755608
255,ENSG00000095794,CREM,1.1963053
256,ENSG00000198298,ZNF485,0.43934384
257,ENSG00000170312,CDK1,0.15033755
258,ENSG00000148572,NRBF2,0.058159035
259,ENSG00000138336,TET1,0.83918685
260,ENSG00000165732,DDX21,0.070187666
261,ENSG00000122862,SRGN,0.07519828
262,ENSG00000138316,ADAMTS14,2.4715009
263,ENSG00000107731,UNC5B,0.45635438
264,ENSG00000168209,DDIT4,0.0041102446
265,ENSG00000196968,FUT11,0.4686963
266,ENSG00000035403,VCL,0.421041
267,ENSG00000173267,SNCG,0.011211708
268,ENSG00000122376,SHLD2,1.9772224
269,ENSG00000138160,KIF11,0.29419276
270,ENSG00000152804,HHEX,0.043051764000000006
271,ENSG00000138180,CEP55,0.15854624
272,ENSG00000108239,TBC1D12,1.3668407
273,ENSG00000119929,CUTC,0.36634958
274,ENSG00000099194,SCD,0.066686
275,ENSG00000148834,GSTO1,0.042481136
276,ENSG00000150593,PDCD4,0.25205326
277,ENSG00000107651,SEC23IP,0.94757193
278,ENSG00000142082,SIRT3,0.5445009
279,ENSG00000142089,IFITM3,0.02842866
280,ENSG00000177030,DEAF1,0.69201154
281,ENSG00000021762,OSBPL5,2.3955157
282,ENSG00000223609,HBD,4.804818599999999
283,ENSG00000213934,HBG1,0.00016258648
284,ENSG00000196565,HBG2,0.0027408586
285,ENSG00000239920,AC104389.5,19.410398
286,ENSG00000175348,TMEM9B,0.16911946
287,ENSG00000166471,TMEM41B,1.4826063
288,ENSG00000251381,LINC00958,0.87960804
289,ENSG00000129083,COPB1,1.1341012
290,ENSG00000110693,SOX6,4.6339707
291,ENSG00000179119,SPTY2D1,0.33863059999999995
292,ENSG00000148943,LIN7C,0.06613835
293,ENSG00000148950,IMMP1L,0.49496576
294,ENSG00000184937,WT1,0.69482416
295,ENSG00000085063,CD59,0.019283285
296,ENSG00000135363,LMO2,0.21256103
297,ENSG00000175220,ARHGAP1,0.46710905
298,ENSG00000066336,SPI1,0.058740996
299,ENSG00000123444,KBTBD4,0.86570597
300,ENSG00000186652,PRG2,0.028822893
301,ENSG00000166902,MRPL16,0.05763224
302,ENSG00000149485,FADS1,0.01660134
303,ENSG00000221968,FADS3,0.16653915
304,ENSG00000167996,FTH1,0.03830043
305,ENSG00000124942,AHNAK,0.37671626
306,ENSG00000254772,EEF1G,0.0056151740000000006
307,ENSG00000162236,STX5,0.80530566
308,ENSG00000068831,RASGRP2,0.2355833
309,ENSG00000168067,MAP4K2,0.10737558
310,ENSG00000110046,ATG2A,0.5744640000000001
311,ENSG00000173914,RBM4B,0.91708344
312,ENSG00000173898,SPTBN2,0.36009264
313,ENSG00000172663,TMEM134,0.18066767
314,ENSG00000167799,NUDT8,0.1142907
315,ENSG00000137478,FCHSD2,5.2904787
316,ENSG00000054965,FAM168A,3.1788962000000005
317,ENSG00000158555,GDPD5,0.61374795
318,ENSG00000074201,CLNS1A,1.8461318
319,ENSG00000033327,GAB2,6.970162400000001
320,ENSG00000073921,PICALM,1.2208396
321,ENSG00000174804,FZD4,1.3153858
322,ENSG00000166002,SMCO4,0.06505860000000001
323,ENSG00000077458,FAM76B,0.48013133
324,ENSG00000149231,CCDC82,0.36584795
325,ENSG00000110660,SLC35F2,0.7081959
326,ENSG00000150782,IL18,0.3683534
327,ENSG00000167286,CD3D,0.026527787
328,ENSG00000110367,DDX6,0.78413665
329,ENSG00000149428,HYOU1,0.21201207
330,ENSG00000109971,HSPA8,0.2707974
331,ENSG00000149557,FEZ1,0.69425285
332,ENSG00000182934,SRPRA,0.07962146
333,ENSG00000170325,PRDM10,2.1648433
334,ENSG00000185627,PSMD13,0.08221652
335,ENSG00000185201,IFITM2,0.22710387
336,ENSG00000185885,IFITM1,0.18513386
337,ENSG00000099849,RASSF7,0.07815380400000001
338,ENSG00000132286,TIMM10B,0.4572766
339,ENSG00000166333,ILK,0.68335074
340,ENSG00000133816,MICAL2,8.247972500000001
341,ENSG00000070081,NUCB2,0.16541637
342,ENSG00000134333,LDHA,0.030472836
343,ENSG00000109854,HTATIP2,0.9456645
344,ENSG00000169519,METTL15,9.109312
345,ENSG00000152219,ARL14EP,0.16748348
346,ENSG00000109911,ELP4,3.9144793
347,ENSG00000166352,C11orf74,0.108423494
348,ENSG00000151348,EXT2,1.1573198999999998
349,ENSG00000121671,CRY2,1.0032187
350,ENSG00000110492,MDK,0.11225032
351,ENSG00000134574,DDB2,1.063135
352,ENSG00000284873,OOSP1,0.38711607
353,ENSG00000149516,MS4A3,0.10603717
354,ENSG00000149534,MS4A2,0.05419832
355,ENSG00000110079,MS4A4A,1.711242
356,ENSG00000134824,FADS2,2.3599212000000005
357,ENSG00000110583,NAA40,0.27800685
358,ENSG00000110011,DNAJC4,0.38118723
359,ENSG00000162300,ZFPL1,0.13936082
360,ENSG00000204710,SPDYC,0.17005499999999998
361,ENSG00000014216,CAPN1,0.10019041
362,ENSG00000133884,DPF2,0.26550683
363,ENSG00000245532,NEAT1,0.0081243925
364,ENSG00000251562,MALAT1,0.26228577
365,ENSG00000142186,SCYL1,0.3535713
366,ENSG00000173621,LRFN4,0.65079975
367,ENSG00000084207,GSTP1,0.021039879
368,ENSG00000110075,PPP6R3,5.923394999999998
369,ENSG00000069482,GAL,0.023760159
370,ENSG00000085733,CTTN,0.96966213
371,ENSG00000137522,RNF121,1.6299204
372,ENSG00000149257,SERPINH1,0.795099
373,ENSG00000158636,EMSY,2.4782398
374,ENSG00000087884,AAMDC,0.50646764
375,ENSG00000263465,SRSF8,0.039990302
376,ENSG00000178105,DDX10,0.7793009
377,ENSG00000204370,SDHD,3.087342
378,ENSG00000168092,PAFAH1B2,2.3039608
379,ENSG00000149577,SIDT2,0.79933435
380,ENSG00000160654,CD3G,0.15661901
381,ENSG00000256269,HMBS,0.053739604
382,ENSG00000172273,HINFP,0.63305146
383,ENSG00000110395,CBL,6.312564
384,ENSG00000084234,APLP2,0.25522056
385,ENSG00000254573,AP004550.1,0.24650812
386,ENSG00000067182,TNFRSF1A,0.18745752
387,ENSG00000111644,ACRBP,0.32385626
388,ENSG00000177675,CD163L1,1.3950049
389,ENSG00000059804,SLC2A3,0.675271
390,ENSG00000110848,CD69,0.5115782
391,ENSG00000070018,LRP6,1.7644624
392,ENSG00000111266,DUSP16,1.6110352
393,ENSG00000111348,ARHGDIB,0.014214503
394,ENSG00000133703,KRAS,0.22329755
395,ENSG00000123104,ITPR2,1.8161637
396,ENSG00000139131,YARS2,0.69220954
397,ENSG00000110975,SYT10,0.74402076
398,ENSG00000151233,GXYLT1,0.6472398
399,ENSG00000134294,SLC38A2,0.18010734
400,ENSG00000061273,HDAC7,0.25020018
401,ENSG00000079387,SENP1,1.0797096000000002
402,ENSG00000167548,KMT2D,0.86035377
403,ENSG00000123416,TUBA1B,0.008061417
404,ENSG00000050405,LIMA1,0.9868753
405,ENSG00000170545,SMAGP,0.10452405
406,ENSG00000170421,KRT8,0.042124882
407,ENSG00000123405,NFE2,0.0433334
408,ENSG00000161642,ZNF385A,0.07686542
409,ENSG00000161638,ITGA5,0.5940041
410,ENSG00000135426,TESPA1,0.35213673
411,ENSG00000135404,CD63,0.022056924
412,ENSG00000166888,STAT6,0.52378887
413,ENSG00000179912,R3HDM2,3.7590973
414,ENSG00000175197,DDIT3,0.005520584499999999
415,ENSG00000257698,GIHCG,0.14210667
416,ENSG00000198673,TAFA2,2.1108446
417,ENSG00000111110,PPM1H,4.6126537
418,ENSG00000257815,AC025159.1,2.8265886
419,ENSG00000198707,CEP290,0.48999766
420,ENSG00000133639,BTG1,0.018560972
421,ENSG00000184752,NDUFA12,0.29255685
422,ENSG00000180263,FGD6,1.5689718
423,ENSG00000059758,CDK17,2.038028
424,ENSG00000120805,ARL1,0.047076743
425,ENSG00000111670,GNPTAB,0.8107126
426,ENSG00000120860,WASHC3,0.27528042
427,ENSG00000017427,IGF1,0.23525752
428,ENSG00000008405,CRY1,0.9089986
429,ENSG00000084112,SSH1,0.88633615
430,ENSG00000139428,MMAB,0.15277727
431,ENSG00000111229,ARPC3,0.06361664
432,ENSG00000234608,MAPKAPK5-AS1,0.671795
433,ENSG00000088992,TESC,0.21968177
434,ENSG00000135108,FBXO21,0.54785347
435,ENSG00000176871,WSB2,0.41286007
436,ENSG00000130779,CLIP1,1.4350451000000002
437,ENSG00000150977,RILPL2,0.23028047
438,ENSG00000073060,SCARB1,0.6460289
439,ENSG00000150991,UBC,0.13031192
440,ENSG00000090615,GOLGA3,0.80830663
441,ENSG00000082805,ERC1,6.327346
442,ENSG00000111640,GAPDH,0.005636466999999999
443,ENSG00000111678,C12orf57,0.42098516
444,ENSG00000178878,APOLD1,0.33755565
445,ENSG00000111711,GOLT1B,0.38652933
446,ENSG00000139163,ETNK1,0.49656513
447,ENSG00000118308,LRMP,1.4581634
448,ENSG00000111790,FGFR1OP2,0.31713545
449,ENSG00000174718,RESF1,0.552158
450,ENSG00000257261,AC008014.1,7.9060054000000015
451,ENSG00000179715,PCED1B,3.7287107
452,ENSG00000167553,TUBA1C,1.7428372
453,ENSG00000123352,SPATS2,1.2889848999999998
454,ENSG00000161813,LARP4,0.90727425
455,ENSG00000185432,METTL7A,0.12985092
456,ENSG00000050426,LETMD1,0.5526312
457,ENSG00000111057,KRT18,0.009975029
458,ENSG00000135476,ESPL1,0.36272112
459,ENSG00000185591,SP1,0.37207526
460,ENSG00000135409,AMHR2,0.07331329
461,ENSG00000205352,PRR13,0.03156654
462,ENSG00000123338,NCKAP1L,0.12895554
463,ENSG00000170515,PA2G4,0.04718143
464,ENSG00000110944,IL23A,0.093147404
465,ENSG00000135506,OS9,0.29768866
466,ENSG00000061987,MON2,3.5370524
467,ENSG00000153179,RASSF3,1.756255
468,ENSG00000174106,LEMD3,1.0766486000000002
469,ENSG00000127337,YEATS4,0.08503229
470,ENSG00000166226,CCT2,0.05695759
471,ENSG00000028203,VEZT,1.1868469
472,ENSG00000120868,APAF1,1.2096972
473,ENSG00000136021,SCYL2,0.7068745
474,ENSG00000185480,PARPBP,1.9804157
475,ENSG00000166598,HSP90B1,0.24323183
476,ENSG00000111785,RIC8B,2.236353
477,ENSG00000151135,TMEM263,1.0813867
478,ENSG00000076248,UNG,0.13162075
479,ENSG00000110921,MVK,0.25093216
480,ENSG00000076513,ANKRD13A,0.3571606
481,ENSG00000111275,ALDH2,0.18693373
482,ENSG00000188735,TMEM120B,4.9221225
483,ENSG00000175727,MLXIP,0.50929934
484,ENSG00000184445,KNTC1,1.9194773
485,ENSG00000183955,KMT5A,0.32862785
486,ENSG00000185344,ATP6V0A2,1.0286534
487,ENSG00000081760,AACS,0.8766484
488,ENSG00000132341,RAN,0.016606119
489,ENSG00000198598,MMP17,0.8729836999999999
490,ENSG00000287861,AL137001.2,0.34794372
491,ENSG00000139505,MTMR6,0.42083955
492,ENSG00000120694,HSPH1,0.1735862
493,ENSG00000244754,N4BP2L2,4.8826756
494,ENSG00000102804,TSC22D1,0.7727194000000001
495,ENSG00000133112,TPT1,0.0031303805
496,ENSG00000123200,ZC3H13,0.239962
497,ENSG00000136167,LCP1,0.17969091
498,ENSG00000184226,PCDH9,12.913124
499,ENSG00000083520,DIS3,0.55806607
500,ENSG00000005810,MYCBP2,0.8521244000000001
501,ENSG00000125247,TMTC4,1.0231513
502,ENSG00000134884,ARGLU1,0.081699565
503,ENSG00000287530,AL445985.2,0.5985404999999999
504,ENSG00000132952,USPL1,1.2347925
505,ENSG00000120699,EXOSC8,0.3436855
506,ENSG00000188811,NHLRC3,1.0373122
507,ENSG00000136156,ITM2B,0.23355205
508,ENSG00000139687,RB1,2.7917537999999995
509,ENSG00000136108,CKAP2,0.18889941
510,ENSG00000102471,NDFIP2,0.24410869
511,ENSG00000102580,DNAJC3,0.4675066
512,ENSG00000139793,MBNL2,3.4914620000000003
513,ENSG00000134882,UBAC2,1.2305756
514,ENSG00000125246,CLYBL,7.4454937
515,ENSG00000134900,TPP2,0.89975303
516,ENSG00000092094,OSGEP,0.20980248
517,ENSG00000100461,RBM23,0.38838315
518,ENSG00000215256,DHRS4-AS1,0.4256634
519,ENSG00000100911,PSME2,0.010845829
520,ENSG00000196792,STRN3,1.9723332
521,ENSG00000129493,HEATR5A,0.7638264
522,ENSG00000129515,SNX6,0.48793355
523,ENSG00000100906,NFKBIA,0.25589618
524,ENSG00000179454,KLHL28,1.2223773
525,ENSG00000126787,DLGAP5,0.13885395
526,ENSG00000258791,LINC00520,0.64533716
527,ENSG00000258667,HIF1A-AS3,5.2445309999999985
528,ENSG00000126821,SGPP1,1.2474275
529,ENSG00000072042,RDH11,0.2419922
530,ENSG00000185650,ZFP36L1,0.43608117
531,ENSG00000133983,COX16,0.13084543
532,ENSG00000187097,ENTPD5,1.4580628
533,ENSG00000119638,NEK9,1.1771117
534,ENSG00000100596,SPTLC2,1.3643458000000002
535,ENSG00000071537,SEL1L,0.51204586
536,ENSG00000100784,RPS6KA5,1.7279790000000002
537,ENSG00000100815,TRIP11,0.63701206
538,ENSG00000066427,ATXN3,2.2270308
539,ENSG00000100721,TCL1A,0.03905857
540,ENSG00000140105,WARS,0.41763368
541,ENSG00000080824,HSP90AA1,0.03999209
542,ENSG00000126215,XRCC3,0.81918496
543,ENSG00000211899,IGHM,0.33770016
544,ENSG00000197324,LRP10,0.4355473
545,ENSG00000100867,DHRS2,0.006839749399999999
546,ENSG00000187630,DHRS4L2,0.05298372
547,ENSG00000092010,PSME1,0.07800954
548,ENSG00000092098,RNF31,0.70815545
549,ENSG00000288044,AL096870.8,0.7023596
550,ENSG00000092140,G2E3,0.52482665
551,ENSG00000100473,COCH,3.5232024
552,ENSG00000150527,MIA2,2.0412662
553,ENSG00000251363,LINC02315,1.7072463
554,ENSG00000100526,CDKN3,0.30592987
555,ENSG00000180008,SOCS4,0.19317421
556,ENSG00000131966,ACTR10,0.48758852
557,ENSG00000100567,PSMA3,0.072722085
558,ENSG00000100578,KIAA0586,1.2112361
559,ENSG00000100592,DAAM1,0.8750476
560,ENSG00000274015,AL136038.5,0.32530567
561,ENSG00000171723,GPHN,9.171066
562,ENSG00000072415,MPP5,0.5276928000000001
563,ENSG00000134001,EIF2S1,0.09844587
564,ENSG00000081181,ARG2,0.17300327
565,ENSG00000140043,PTGR2,0.62924796
566,ENSG00000119616,FCF1,1.2006872
567,ENSG00000119715,ESRRB,4.618825
568,ENSG00000119705,SLIRP,0.024985012
569,ENSG00000066455,GOLGA5,0.71299887
570,ENSG00000165948,IFI27L1,0.5353439
571,ENSG00000100749,VRK1,0.8274364
572,ENSG00000090061,CCNK,1.1730646999999998
573,ENSG00000185559,DLK1,0.060185872
574,ENSG00000197102,DYNC1H1,0.39695677
575,ENSG00000100664,EIF5,0.15049836
576,ENSG00000075413,MARK3,2.0198216
577,ENSG00000126214,KLC1,1.266962
578,ENSG00000273749,CYFIP1,0.95449644
579,ENSG00000215252,GOLGA8B,0.4489285
580,ENSG00000134138,MEIS2,3.4956133
581,ENSG00000104147,OIP5,0.53750926
582,ENSG00000166887,VPS39,0.8364264000000001
583,ENSG00000261684,AC018362.1,3.7642145
584,ENSG00000260916,CCPG1,3.8364072
585,ENSG00000137845,ADAM10,1.229149
586,ENSG00000182718,ANXA2,0.06298611
587,ENSG00000129003,VPS13C,0.9245351
588,ENSG00000103657,HERC1,2.0061796000000003
589,ENSG00000035664,DAPK2,1.1101168
590,ENSG00000166794,PPIB,0.019546166
591,ENSG00000180304,OAZ2,0.03704615
592,ENSG00000103707,MTFMT,1.1116647
593,ENSG00000138617,PARP16,0.46856102
594,ENSG00000067225,PKM,0.11865504
595,ENSG00000178761,FAM219B,1.1982737
596,ENSG00000169371,SNUPN,0.21172555
597,ENSG00000140395,WDR61,0.25326207
598,ENSG00000103811,CTSH,0.04841443
599,ENSG00000140598,EFL1,1.6035262
600,ENSG00000064726,BTBD1,1.0714422
601,ENSG00000182054,IDH2,0.10712057
602,ENSG00000185043,CIB1,0.024364818
603,ENSG00000198901,PRC1,0.20684908
604,ENSG00000247809,NR2F2-AS1,14.255291
605,ENSG00000131871,SELENOS,0.047218326
606,ENSG00000131876,SNRPA1,0.08563583
607,ENSG00000198826,ARHGAP11A,0.42645112
608,ENSG00000287973,AC100834.2,0.7656898
609,ENSG00000128944,KNSTRN,0.132449
610,ENSG00000187446,CHP1,0.25450554
611,ENSG00000137804,NUSAP1,0.17644992
612,ENSG00000092445,TYRO3,0.22586413
613,ENSG00000137822,TUBGCP4,0.6256183000000001
614,ENSG00000167004,PDIA3,0.3496101
615,ENSG00000092470,WDR76,0.45204204
616,ENSG00000166710,B2M,7.5384383
617,ENSG00000171763,SPATA5L1,0.92224663
618,ENSG00000156958,GALK2,9.92591
619,ENSG00000140284,SLC27A2,0.37279528
620,ENSG00000104112,SCG3,0.08605644
621,ENSG00000138594,TMOD3,1.2692037
622,ENSG00000128923,MINDY2,0.6667626999999999
623,ENSG00000157450,RNF111,3.3191433
624,ENSG00000157456,CCNB2,0.16810709
625,ENSG00000140416,TPM1,0.13153504
626,ENSG00000166128,RAB8B,1.4946165
627,ENSG00000028528,SNX1,4.163649
628,ENSG00000259471,LINC01169,13.874111
629,ENSG00000033800,PIAS1,1.5571872
630,ENSG00000137807,KIF23,0.37077487
631,ENSG00000247240,UBL7-AS1,2.0854492
632,ENSG00000179361,ARID3B,0.93855697
633,ENSG00000167196,FBXO22,0.86017096
634,ENSG00000041357,PSMA4,0.034749378
635,ENSG00000156206,CFAP161,1.6076066
636,ENSG00000172349,IL16,1.989074
637,ENSG00000188659,SAXO2,0.84504896
638,ENSG00000140526,ABHD2,0.6637779
639,ENSG00000185033,SEMA4B,2.0675764
640,ENSG00000140575,IQGAP1,0.23701738
641,ENSG00000168904,LRRC28,0.73452866
642,ENSG00000068305,MEF2A,2.0683424
643,ENSG00000103148,NPRL3,2.5126393
644,ENSG00000103249,CLCN7,0.310138
645,ENSG00000103024,NME3,0.04070038
646,ENSG00000162032,SPSB3,0.13879506
647,ENSG00000260260,SNHG19,0.095208526
648,ENSG00000153443,UBALD1,1.5369205
649,ENSG00000189067,LITAF,0.26715347
650,ENSG00000153066,TXNDC11,0.8765936
651,ENSG00000140694,PARN,1.7714804
652,ENSG00000157045,NTAN1,0.166179
653,ENSG00000259929,AC010601.1,10.375568
654,ENSG00000170540,ARL6IP1,0.06283705
655,ENSG00000260442,ATP2A1-AS1,0.23879564
656,ENSG00000103502,CDIPT,1.0390967
657,ENSG00000196118,CCDC189,0.2277341
658,ENSG00000103494,RPGRIP1L,0.42450282
659,ENSG00000159461,AMFR,0.34944200000000003
660,ENSG00000159720,ATP6V0D1,0.19586174
661,ENSG00000181019,NQO1,1.2066326
662,ENSG00000247228,AC009060.1,1.5966055
663,ENSG00000157350,ST3GAL2,0.9326481
664,ENSG00000166747,AP1G1,0.8744859
665,ENSG00000102984,ZNF821,1.5085738000000002
666,ENSG00000065457,ADAT1,0.6225599
667,ENSG00000140950,MEAK7,0.43357247
668,ENSG00000103187,COTL1,0.07610672
669,ENSG00000131153,GINS2,0.033605699999999995
670,ENSG00000103257,SLC7A5,0.35798606
671,ENSG00000051523,CYBA,0.033739194
672,ENSG00000167508,MVD,0.11175809
673,ENSG00000129993,CBFA2T3,0.8363805000000001
674,ENSG00000167522,ANKRD11,9.617224
675,ENSG00000075399,VPS9D1,0.9341992
676,ENSG00000130656,HBZ,0.30369073
677,ENSG00000206172,HBA1,0.0032127292
678,ENSG00000086506,HBQ1,0.062785454
679,ENSG00000090581,GNPTG,0.70889235
680,ENSG00000255198,SNHG9,0.56304586
681,ENSG00000183971,NPW,0.3832144
682,ENSG00000167964,RAB26,5.077595
683,ENSG00000162063,CCNF,0.2878757
684,ENSG00000140992,PDPK1,0.30292705
685,ENSG00000162076,FLYWCH2,0.28878874
686,ENSG00000048471,SNX29,4.373433
687,ENSG00000072864,NDE1,0.7068383
688,ENSG00000260126,AC136431.1,30.27026
689,ENSG00000261448,AC109446.3,0.38180256
690,ENSG00000103544,VPS35L,3.2678323
691,ENSG00000005187,ACSM3,0.5135439
692,ENSG00000166851,PLK1,0.021698592000000003
693,ENSG00000103485,QPRT,0.13576885
694,ENSG00000080603,SRCAP,0.4826025
695,ENSG00000260083,MIR762HG,0.7571268
696,ENSG00000169877,AHSP,0.16066094
697,ENSG00000102893,PHKB,2.32433
698,ENSG00000177200,CHD9,3.072115
699,ENSG00000087253,LPCAT2,0.89007765
700,ENSG00000125148,MT2A,0.015745116
701,ENSG00000051108,HERPUD1,0.20795916
702,ENSG00000102931,ARL2BP,0.14247732
703,ENSG00000140931,CMTM3,0.073808424
704,ENSG00000140939,NOL3,1.1359203000000002
705,ENSG00000038358,EDC4,0.07863067
706,ENSG00000159792,PSKH1,0.34138352
707,ENSG00000072736,NFATC3,4.1424513
708,ENSG00000168807,SNTB2,0.96375465
709,ENSG00000102908,NFAT5,13.275604
710,ENSG00000198373,WWP2,2.6309214
711,ENSG00000090857,PDPR,0.59022975
712,ENSG00000157353,FCSK,0.7546084
713,ENSG00000102967,DHODH,0.3358541
714,ENSG00000103035,PSMD7,0.5043872
715,ENSG00000166848,TERF2IP,0.9086353
716,ENSG00000135686,KLHL36,0.16217884
717,ENSG00000140941,MAP1LC3B,0.050921824
718,ENSG00000170100,ZNF778,0.29796505
719,ENSG00000158805,ZNF276,0.24220636
720,ENSG00000167699,GLOD4,0.5089579000000001
721,ENSG00000004660,CAMKK1,1.6809835
722,ENSG00000108405,P2RX1,4.654654
723,ENSG00000074370,ATP2A3,1.4268691999999998
724,ENSG00000141456,PELP1,0.489248
725,ENSG00000215067,ALOX12-AS1,12.07721
726,ENSG00000170296,GABARAP,0.00505475
727,ENSG00000178999,AURKB,0.17406286
728,ENSG00000170310,STX8,1.3990098
729,ENSG00000153976,HS3ST3A1,3.0514908
730,ENSG00000109099,PMP22,0.15037604
731,ENSG00000181350,LRRC75A,0.21822034
732,ENSG00000109083,IFT20,0.18820111
733,ENSG00000076382,SPAG5,0.25616148
734,ENSG00000160606,TLCD1,0.5224653
735,ENSG00000109118,PHF12,2.446679
736,ENSG00000196535,MYO18A,1.3414794
737,ENSG00000141298,SSH2,9.464056
738,ENSG00000176390,CRLF3,9.349493
739,ENSG00000108306,FBXL20,4.9002094000000005
740,ENSG00000125686,MED1,0.7484613
741,ENSG00000131747,TOP2A,0.08704461
742,ENSG00000171345,KRT19,0.035762794
743,ENSG00000168610,STAT3,0.5069199000000001
744,ENSG00000177469,CAVIN1,0.14051443
745,ENSG00000108799,EZH1,1.2930958
746,ENSG00000108840,HDAC5,0.13035287
747,ENSG00000004939,SLC4A1,1.5687826
748,ENSG00000186185,KIF18B,2.6953173
749,ENSG00000172992,DCAKD,3.5891627999999995
750,ENSG00000224505,AC138150.1,2.2910972000000003
751,ENSG00000225190,PLEKHM1,0.4489479
752,ENSG00000173917,HOXB2,0.731088
753,ENSG00000260027,HOXB7,0.2926469
754,ENSG00000068097,HEATR6,0.38984
755,ENSG00000170832,USP32,3.4727108
756,ENSG00000062725,APPBP2,1.9639468
757,ENSG00000008283,CYB561,0.3816172
758,ENSG00000178607,ERN1,2.3313546
759,ENSG00000197170,PSMD12,0.108149
760,ENSG00000161513,FDXR,0.04514159
761,ENSG00000189159,JPT1,0.102693655
762,ENSG00000132475,H3F3B,0.035122212
763,ENSG00000070526,ST6GALNAC1,0.36411437
764,ENSG00000141524,TMC6,0.21529396
765,ENSG00000141582,CBX4,0.30894333
766,ENSG00000141577,CEP131,0.16530815
767,ENSG00000157637,SLC38A10,0.8165296999999999
768,ENSG00000184009,ACTG1,0.17561057
769,ENSG00000225663,MCRIP1,0.11619842
770,ENSG00000185624,P4HB,0.1320067
771,ENSG00000169710,FASN,0.026210615
772,ENSG00000178927,CYBC1,0.05842207
773,ENSG00000132386,SERPINF1,0.35124403
774,ENSG00000129195,PIMREG,0.19061933
775,ENSG00000258315,C17orf49,0.09300094
776,ENSG00000072778,ACADVL,0.06517108
777,ENSG00000161960,EIF4A1,0.022248322
778,ENSG00000170004,CHD3,0.19031915
779,ENSG00000065559,MAP2K4,1.621075
780,ENSG00000170315,UBB,0.030333413
781,ENSG00000133030,MPRIP,2.5369537
782,ENSG00000233098,CCDC144NL-AS1,3.9261498
783,ENSG00000109046,WSB1,0.46621644
784,ENSG00000108587,GOSR1,0.59675443
785,ENSG00000267321,SNHG30,0.2554894
786,ENSG00000278311,GGNBP2,0.40304056
787,ENSG00000277791,PSMB3,0.34699816
788,ENSG00000171475,WIPF2,0.45534778
789,ENSG00000094804,CDC6,0.15748475
790,ENSG00000141753,IGFBP4,0.11177812
791,ENSG00000173812,EIF1,0.36956888
792,ENSG00000188554,NBR1,0.48129782
793,ENSG00000030582,GRN,0.050070547
794,ENSG00000184922,FMNL1,0.160343
795,ENSG00000198336,MYL4,0.1697018
796,ENSG00000108465,CDK5RAP3,1.6161388
797,ENSG00000136436,CALCOCO2,0.4179701
798,ENSG00000262967,AC005921.2,0.1951968
799,ENSG00000243678,NME2,0.046493784
800,ENSG00000068489,PRR11,0.38775343
801,ENSG00000062716,VMP1,0.80958825
802,ENSG00000011028,MRC2,0.24884042
803,ENSG00000170921,TANC2,4.070346
804,ENSG00000198231,DDX42,0.5809728
805,ENSG00000266402,SNHG25,7.611876
806,ENSG00000182481,KPNA2,0.07416369
807,ENSG00000073350,LLGL2,1.7555084
808,ENSG00000185262,UBALD2,0.04205124
809,ENSG00000181038,METTL23,0.12922136
810,ENSG00000129657,SEC14L1,0.8026903000000001
811,ENSG00000078687,TNRC6C,1.6819139
812,ENSG00000187997,C17orf99,2.5308104
813,ENSG00000183077,AFMID,0.93427163
814,ENSG00000089685,BIRC5,0.077513866
815,ENSG00000173821,RNF213,1.037686
816,ENSG00000141562,NARF,0.95892084
817,ENSG00000176105,YES1,2.1383958
818,ENSG00000154889,MPPE1,0.5202309
819,ENSG00000167220,HDHD2,0.53100854
820,ENSG00000141627,DYM,1.6597644
821,ENSG00000196628,TCF4,1.1250482
822,ENSG00000066926,FECH,0.13773473
823,ENSG00000134440,NARS,0.39168274
824,ENSG00000119537,KDSR,0.1900573
825,ENSG00000119541,VPS4B,0.3385473
826,ENSG00000263711,AC079062.1,6.7061076
827,ENSG00000266602,AP005262.2,3.3017557
828,ENSG00000080986,NDC80,0.51590556
829,ENSG00000101608,MYL12A,0.018323999
830,ENSG00000177426,TGIF1,0.24403484
831,ENSG00000262001,DLGAP1-AS2,0.1987514
832,ENSG00000206418,RAB12,2.6483467000000003
833,ENSG00000168502,MTCL1,2.1073623
834,ENSG00000287719,AP001531.1,2.0125477
835,ENSG00000101745,ANKRD12,0.85465086
836,ENSG00000168461,RAB31,0.32977754
837,ENSG00000101558,VAPA,0.08953293
838,ENSG00000101654,RNMT,0.5218679
839,ENSG00000101752,MIB1,1.2020296999999998
840,ENSG00000141429,GALNT1,0.44570845
841,ENSG00000150477,KIAA1328,8.968896
842,ENSG00000041353,RAB27B,1.5174202
843,ENSG00000129951,PLPPR3,0.14074033
844,ENSG00000175221,MED16,0.51198524
845,ENSG00000133243,BTBD2,1.2822937
846,ENSG00000099875,MKNK2,0.23997357
847,ENSG00000172081,MOB3A,1.1266584
848,ENSG00000175691,ZNF77,0.8871532
849,ENSG00000006638,TBXA2R,0.32310855
850,ENSG00000186111,PIP5K1C,0.8060169
851,ENSG00000007264,MATK,0.30134794
852,ENSG00000178078,STAP2,0.91
853,ENSG00000267011,AC011498.1,0.61297786
854,ENSG00000105355,PLIN3,0.16542825
855,ENSG00000105426,PTPRS,1.2826337
856,ENSG00000269386,RAB11B-AS1,0.3529668
857,ENSG00000142347,MYO1F,1.4045732
858,ENSG00000174652,ZNF266,0.4440636
859,ENSG00000130818,ZNF426,0.32110083
860,ENSG00000171466,ZNF562,0.48086625
861,ENSG00000196605,ZNF846,1.3880742
862,ENSG00000130733,YIPF2,0.20502146
863,ENSG00000104774,MAN2B1,0.51907176
864,ENSG00000095059,DHPS,0.24942397
865,ENSG00000105612,DNASE2,0.092402846
866,ENSG00000105610,KLF1,0.19459912
867,ENSG00000179115,FARSA,1.8590915
868,ENSG00000267458,AC092069.1,2.3476143
869,ENSG00000104903,LYL1,0.0071265628000000015
870,ENSG00000132005,RFX1,0.6683519
871,ENSG00000072062,PRKACA,0.3225324
872,ENSG00000214046,SMIM7,1.8843791
873,ENSG00000130303,BST2,0.0070928405
874,ENSG00000130522,JUND,0.15285477
875,ENSG00000006016,CRLF1,5.578893
876,ENSG00000213999,MEF2B,0.8836734
877,ENSG00000188171,ZNF626,2.4666998
878,ENSG00000268119,AC010615.2,5.0484676
879,ENSG00000260725,AC005307.1,0.48363814
880,ENSG00000267767,LINC01801,0.61039245
881,ENSG00000254004,ZNF260,0.7342946
882,ENSG00000196967,ZNF585A,0.7697529000000001
883,ENSG00000245680,ZNF585B,2.3396676
884,ENSG00000104823,ECH1,0.01780896
885,ENSG00000068903,SIRT2,0.41036335
886,ENSG00000269190,FBXO17,1.058969
887,ENSG00000130755,GMFG,0.048927325999999986
888,ENSG00000128000,ZNF780B,1.4480113
889,ENSG00000090013,BLVRB,0.08562204
890,ENSG00000105245,NUMBL,0.37795958
891,ENSG00000105404,RABAC1,0.26719823
892,ENSG00000104783,KCNN4,0.39782372
893,ENSG00000007255,TRAPPC6A,0.11371501
894,ENSG00000012061,ERCC1,0.3198944
895,ENSG00000125744,RTN2,0.15840046
896,ENSG00000125741,OPA3,3.003655
897,ENSG00000176182,MYPOP,0.52880037
898,ENSG00000105327,BBC3,0.043477635999999986
899,ENSG00000105559,PLEKHA4,0.4105465
900,ENSG00000131409,LRRC4B,1.4481444
901,ENSG00000204611,ZNF616,0.53228855
902,ENSG00000167766,ZNF83,9.328306
903,ENSG00000198538,ZNF28,0.65402365
904,ENSG00000287608,AC022137.4,0.5018943
905,ENSG00000125505,MBOAT7,0.2949609
906,ENSG00000088053,GP6,2.1182714
907,ENSG00000129991,TNNI3,0.030121116
908,ENSG00000108106,UBE2S,0.05133904
909,ENSG00000121410,A1BG,0.111342646
910,ENSG00000130724,CHMP2A,0.03723693
911,ENSG00000172270,BSG,0.06995762
912,ENSG00000099864,PALM,0.387299
913,ENSG00000197766,CFD,0.018929798
914,ENSG00000064687,ABCA7,2.8707473
915,ENSG00000118046,STK11,0.26619098
916,ENSG00000099622,CIRBP,2.5818207
917,ENSG00000105325,FZR1,0.27281120000000003
918,ENSG00000105248,YJU2,0.3121538
919,ENSG00000266983,AC011444.1,0.6922235
920,ENSG00000141968,VAV1,0.80012935
921,ENSG00000104880,ARHGEF18,1.6453291
922,ENSG00000090661,CERS4,0.8740992
923,ENSG00000130803,ZNF317,0.29851985
924,ENSG00000090339,ICAM1,0.4084811
925,ENSG00000105371,ICAM4,0.02908422
926,ENSG00000105376,ICAM5,0.32278624
927,ENSG00000130164,LDLR,1.5190136
928,ENSG00000219665,ZNF433-AS1,1.044914
929,ENSG00000173875,ZNF791,0.23655538
930,ENSG00000179218,CALR,0.4259937
931,ENSG00000160888,IER2,0.039239515
932,ENSG00000037757,MRI1,0.31292263
933,ENSG00000104998,IL27RA,0.25889844
934,ENSG00000123146,ADGRE5,0.72282565
935,ENSG00000099797,TECR,0.07625443
936,ENSG00000214049,UCA1,2.500307
937,ENSG00000167460,TPM4,0.18157686
938,ENSG00000099331,MYO9B,7.1300435
939,ENSG00000130313,PGLS,0.07803805
940,ENSG00000130513,GDF15,0.028603857000000007
941,ENSG00000256771,ZNF253,1.4415772
942,ENSG00000184635,ZNF93,1.6056089
943,ENSG00000196705,ZNF431,1.0512323
944,ENSG00000266976,AC079466.1,0.04890243
945,ENSG00000105173,CCNE1,0.14680177
946,ENSG00000105220,GPI,0.36832035
947,ENSG00000205155,PSENEN,0.06519262
948,ENSG00000267796,LIN37,0.50568056
949,ENSG00000267698,AC002116.2,2.9761052
950,ENSG00000126247,CAPNS1,6.342615
951,ENSG00000196218,RYR1,3.7826247
952,ENSG00000104825,NFKBIB,0.4373122999999999
953,ENSG00000090924,PLEKHG2,1.2889739
954,ENSG00000013275,PSMC4,0.07599187
955,ENSG00000105223,PLD3,2.1106700000000003
956,ENSG00000160460,SPTBN4,1.7869493000000003
957,ENSG00000090006,LTBP4,0.43882382
958,ENSG00000167578,RAB4B,0.32538453
959,ENSG00000167601,AXL,0.25306562
960,ENSG00000213904,LIPE-AS1,3.18032
961,ENSG00000130204,TOMM40,0.033735400000000006
962,ENSG00000130208,APOC1,0.32595342
963,ENSG00000007047,MARK4,2.1787555
964,ENSG00000117877,CD3EAP,0.07600091
965,ENSG00000213889,PPM1N,0.25908443
966,ENSG00000010310,GIPR,3.3337097
967,ENSG00000130751,NPAS1,1.175921
968,ENSG00000142227,EMP3,0.057872526
969,ENSG00000087086,FTL,0.0031277977
970,ENSG00000130529,TRPM4,0.54713637
971,ENSG00000161618,ALDH16A1,0.28185397
972,ENSG00000142541,RPL13A,0.023561407000000003
973,ENSG00000126464,PRR12,0.7073967
974,ENSG00000126457,PRMT1,0.037715524
975,ENSG00000169136,ATF5,0.06979506
976,ENSG00000105472,CLEC11A,0.15761872
977,ENSG00000105383,CD33,0.9013286
978,ENSG00000105497,ZNF175,1.5701952
979,ENSG00000160336,ZNF761,0.61285365
980,ENSG00000170892,TSEN34,1.1029785
981,ENSG00000167615,LENG8,0.8176031
982,ENSG00000186230,ZNF749,0.88070023
983,ENSG00000198466,ZNF587,0.24246058
984,ENSG00000083845,RPS5,0.046106014
985,ENSG00000032389,EIPR1,0.49756968
986,ENSG00000182551,ADI1,0.044312045
987,ENSG00000151694,ADAM17,0.68645287
988,ENSG00000115758,ODC1,0.044270393
989,ENSG00000134318,ROCK2,1.0974233999999998
990,ENSG00000118965,WDR35,1.5288191
991,ENSG00000068697,LAPTM4A,0.063392244
992,ENSG00000138031,ADCY3,1.4663233999999998
993,ENSG00000008869,HEATR5B,3.1067455
994,ENSG00000152518,ZFP36L2,0.02996175
995,ENSG00000138078,PREPL,1.871117
996,ENSG00000068784,SRBD1,2.373656
997,ENSG00000250565,ATP6V1E2,0.4552035
998,ENSG00000143933,CALM2,0.03287989
999,ENSG00000138081,FBXO11,12.650065
1000,ENSG00000115310,RTN4,0.23491302
1001,ENSG00000115392,FANCL,1.192461
1002,ENSG00000197329,PELI1,1.3857731000000002
1003,ENSG00000198380,GFPT1,1.4084986000000002
1004,ENSG00000115977,AAK1,1.5263186000000002
1005,ENSG00000144040,SFXN5,1.66563
1006,ENSG00000144048,DUSP11,0.21040317
1007,ENSG00000115275,MOGS,0.47272745
1008,ENSG00000152291,TGOLN2,0.06522428
1009,ENSG00000042493,CAPG,0.09088217
1010,ENSG00000115486,GGCX,0.9889879
1011,ENSG00000172086,KRCC1,0.6342757
1012,ENSG00000135956,TMEM127,0.27213195
1013,ENSG00000168754,FAM178B,0.061806154
1014,ENSG00000115073,ACTR1B,0.22971061
1015,ENSG00000169679,BUB1,0.59142756
1016,ENSG00000074054,CLASP1,3.4105375
1017,ENSG00000169967,MAP3K2,1.1380196000000002
1018,ENSG00000115947,ORC4,0.43379378
1019,ENSG00000123609,NMI,0.10467195
1020,ENSG00000115145,STAM2,1.3711938999999995
1021,ENSG00000115170,ACVR1,2.5308032000000003
1022,ENSG00000153237,CCDC148,0.49840313
1023,ENSG00000123636,BAZ2B,5.4158206
1024,ENSG00000169432,SCN9A,1.0465512
1025,ENSG00000152253,SPC25,0.38375023
1026,ENSG00000154479,CCDC173,0.69839764
1027,ENSG00000198586,TLK1,1.0621113000000002
1028,ENSG00000138433,CIR1,0.08991357
1029,ENSG00000154518,ATP5MC3,0.0045611440000000005
1030,ENSG00000144320,LNPK,0.58288026
1031,ENSG00000128655,PDE11A,0.8729031999999999
1032,ENSG00000144331,ZNF385B,6.128091
1033,ENSG00000003436,TFPI,0.6013248999999999
1034,ENSG00000115415,STAT1,1.1019492
1035,ENSG00000168497,CAVIN2,0.035018288
1036,ENSG00000119041,GTF3C3,0.23362197
1037,ENSG00000144381,HSPD1,0.043332204000000006
1038,ENSG00000115942,ORC2,1.3929273000000002
1039,ENSG00000138413,IDH1,0.69811094
1040,ENSG00000115414,FN1,0.23505685
1041,ENSG00000115053,NCL,0.022218226
1042,ENSG00000156973,PDE6D,1.0619136999999998
1043,ENSG00000123485,HJURP,0.053730547
1044,ENSG00000144485,HES6,0.011178569
1045,ENSG00000130414,NDUFA10,1.2442968
1046,ENSG00000115738,ID2,0.39605826
1047,ENSG00000119203,CPSF3,0.49835527
1048,ENSG00000115750,TAF1B,0.9734852
1049,ENSG00000115756,HPCAL1,0.4761112
1050,ENSG00000162976,SLC66A3,0.36671528
1051,ENSG00000134324,LPIN1,0.6919985
1052,ENSG00000173960,UBXN2A,0.9518166
1053,ENSG00000084764,MAPRE3,0.5380684
1054,ENSG00000084693,AGBL5,1.0517488000000002
1055,ENSG00000115216,NRBP1,0.39939633
1056,ENSG00000243943,ZNF512,0.794081
1057,ENSG00000198522,GPN1,0.13117817
1058,ENSG00000158019,BABAM2,2.5904238
1059,ENSG00000163811,WDR43,0.17427963
1060,ENSG00000115760,BIRC6,2.704508
1061,ENSG00000218739,CEBPZOS,1.0538195
1062,ENSG00000236213,AC006369.1,1.8843149
1063,ENSG00000231312,MAP4K3-DT,6.0831575
1064,ENSG00000116016,EPAS1,2.9599373
1065,ENSG00000187600,LINC02583,1.6044656000000002
1066,ENSG00000068724,TTC7A,2.0219042000000003
1067,ENSG00000119888,EPCAM,0.42684516
1068,ENSG00000115306,SPTBN1,0.42114168
1069,ENSG00000163001,CFAP36,0.23863758
1070,ENSG00000162924,REL,0.3653712
1071,ENSG00000115902,SLC1A4,0.6551726
1072,ENSG00000163219,ARHGAP25,1.4861537
1073,ENSG00000196975,ANXA4,1.0891186000000002
1074,ENSG00000059728,MXD1,1.5078261
1075,ENSG00000075292,ZNF638,2.1546652
1076,ENSG00000225439,BOLA3-AS1,0.4412624
1077,ENSG00000115274,INO80B,0.26058602
1078,ENSG00000159399,HK2,0.38069433
1079,ENSG00000034510,TMSB10,0.08418214
1080,ENSG00000118640,VAMP8,0.052260008
1081,ENSG00000168894,RNF181,0.10910925
1082,ENSG00000115548,KDM3A,0.6641979
1083,ENSG00000071054,MAP4K4,0.7324138000000001
1084,ENSG00000169756,LIMS1,0.27792722
1085,ENSG00000163006,CCDC138,6.114389
1086,ENSG00000188177,ZC3H6,0.41650575
1087,ENSG00000144136,SLC20A1,0.20097858
1088,ENSG00000136682,CBWD2,0.86242986
1089,ENSG00000125629,INSIG2,0.17463048
1090,ENSG00000144118,RALB,0.3526088
1091,ENSG00000286145,AC068282.1,1.1185187
1092,ENSG00000169994,MYO7B,0.28807753
1093,ENSG00000082258,CCNT2,1.0867796
1094,ENSG00000115919,KYNU,0.83929425
1095,ENSG00000075884,ARHGAP15,2.0010478
1096,ENSG00000136536,MARCH7,0.9347428
1097,ENSG00000163072,NOSTRIN,0.6974509
1098,ENSG00000138385,SSB,0.06876155
1099,ENSG00000071909,MYO3B,4.013096
1100,ENSG00000128683,GAD1,0.2943022
1101,ENSG00000152256,PDK1,0.40354672
1102,ENSG00000144306,SCRN3,1.7638206000000003
1103,ENSG00000224577,LINC01117,4.011142
1104,ENSG00000079156,OSBPL6,2.2206242
1105,ENSG00000281131,SCHLAP1,10.201784
1106,ENSG00000224063,AC007319.1,10.84036
1107,ENSG00000138386,NAB1,0.37538815
1108,ENSG00000173559,NABP1,0.389414
1109,ENSG00000224099,AC104823.1,0.56415135
1110,ENSG00000115520,COQ10B,0.4426985
1111,ENSG00000196141,SPATS2L,0.6468229999999999
1112,ENSG00000163535,SGO2,0.33415604
1113,ENSG00000204217,BMPR2,4.03541
1114,ENSG00000144426,NBEAL1,5.287163
1115,ENSG00000116117,PARD3B,12.761871
1116,ENSG00000163466,ARPC2,0.03574576
1117,ENSG00000144591,GMPPA,0.16089444
1118,ENSG00000072182,ASIC4,0.51010925
1119,ENSG00000185404,SP140L,0.7424649999999999
1120,ENSG00000067066,SP100,1.4194148000000002
1121,ENSG00000187514,PTMA,0.07957
1122,ENSG00000144535,DIS3L2,6.145336
1123,ENSG00000135930,EIF4E2,0.2659543
1124,ENSG00000124831,LRRFIP1,1.3264823
1125,ENSG00000184182,UBE2F,0.20251974
1126,ENSG00000132330,SCLY,4.1325936
1127,ENSG00000115685,PPP1R7,0.6394510999999999
1128,ENSG00000196476,C20orf96,0.5830948
1129,ENSG00000125875,TBC1D20,0.54939383
1130,ENSG00000185019,UBOX5,0.76789385
1131,ENSG00000101236,RNF24,0.9494524
1132,ENSG00000132646,PCNA,0.027826501
1133,ENSG00000125772,GPCPD1,1.2501076
1134,ENSG00000089177,KIF16B,0.9379944
1135,ENSG00000171552,BCL2L1,0.8593668999999999
1136,ENSG00000101400,SNTA1,0.17790788
1137,ENSG00000101412,E2F1,0.1782906
1138,ENSG00000131067,GGT7,1.5259558000000002
1139,ENSG00000088298,EDEM2,0.6312217
1140,ENSG00000214078,CPNE1,0.33797166
1141,ENSG00000244005,NFS1,0.17424811
1142,ENSG00000196756,SNHG17,0.115674645
1143,ENSG00000124177,CHD6,1.4919907
1144,ENSG00000132823,OSER1,0.101293586
1145,ENSG00000132824,SERINC3,0.8039185000000001
1146,ENSG00000196839,ADA,0.15220259
1147,ENSG00000100979,PLTP,0.12792803
1148,ENSG00000101040,ZMYND8,1.5705521
1149,ENSG00000124201,ZNFX1,1.8792789
1150,ENSG00000042062,RIPOR3,3.8308158
1151,ENSG00000101126,ADNP,1.6418573
1152,ENSG00000171940,ZNF217,0.47167224
1153,ENSG00000087586,AURKA,0.06627253400000001
1154,ENSG00000124092,CTCFL,0.9472696
1155,ENSG00000101160,CTSZ,0.06317062
1156,ENSG00000171700,RGS19,0.08426502
1157,ENSG00000101255,TRIB3,0.04730224
1158,ENSG00000125818,PSMF1,2.579772
1159,ENSG00000088812,ATRN,2.390198
1160,ENSG00000182621,PLCB1,7.233554400000001
1161,ENSG00000125870,SNRPB2,0.35529777
1162,ENSG00000149474,KAT14,1.2440668
1163,ENSG00000101310,SEC23B,0.6085979
1164,ENSG00000125968,ID1,0.013385949
1165,ENSG00000088325,TPX2,0.1346211
1166,ENSG00000078699,CBFA2T2,2.9915133
1167,ENSG00000078747,ITCH,7.159167
1168,ENSG00000131069,ACSS2,0.80924153
1169,ENSG00000101447,FAM83D,0.78815806
1170,ENSG00000101104,PABPC1L,2.1963634
1171,ENSG00000101109,STK4,0.7891716999999999
1172,ENSG00000124151,NCOA3,2.47816
1173,ENSG00000177410,ZFAS1,0.5582598000000001
1174,ENSG00000234948,LINC01524,19.136356
1175,ENSG00000130706,ADRM1,0.05891617
1176,ENSG00000279669,AC079801.1,0.08983525
1177,ENSG00000155307,SAMSN1,0.8429099
1178,ENSG00000232884,AF127936.2,1.4699988000000002
1179,ENSG00000224141,MIR548XHG,12.788425
1180,ENSG00000233236,LINC02573,0.09391184
1181,ENSG00000154719,MRPL39,0.22139905
1182,ENSG00000159147,DONSON,3.3990998
1183,ENSG00000141956,PRDM15,1.8875078
1184,ENSG00000183255,PTTG1IP,0.071765564
1185,ENSG00000186866,POFUT2,0.20728618
1186,ENSG00000160298,C21orf58,0.29822648
1187,ENSG00000274391,TPTE,5.7238817000000015
1188,ENSG00000159140,SON,0.11251313
1189,ENSG00000159256,MORC3,3.7991161
1190,ENSG00000182670,TTC3,0.42115572
1191,ENSG00000198054,DSCR8,0.28029567
1192,ENSG00000185437,SH3BGR,0.1135348
1193,ENSG00000182871,COL18A1,0.24518517
1194,ENSG00000215424,MCM3AP-AS1,4.464616
1195,ENSG00000182362,YBEY,0.59328884
1196,ENSG00000160299,PCNT,0.8880394
1197,ENSG00000128185,DGCR6L,0.039141234
1198,ENSG00000099910,KLHL22,7.6263447
1199,ENSG00000100027,YPEL1,0.60946697
1200,ENSG00000128294,TPST2,0.3945681
1201,ENSG00000100263,RHBDD3,0.6752342
1202,ENSG00000184117,NIPSNAP1,1.0662862
1203,ENSG00000198832,SELENOM,0.039378896
1204,ENSG00000183530,PRR14L,2.0946178
1205,ENSG00000100320,RBFOX2,4.2241415999999985
1206,ENSG00000128340,RAC2,0.04618698
1207,ENSG00000100242,SUN2,0.28132364
1208,ENSG00000100316,RPL3,0.002037738
1209,ENSG00000176177,ENTHD1,1.8853106
1210,ENSG00000100401,RANGAP1,0.26660964
1211,ENSG00000183864,TOB2,0.44213367
1212,ENSG00000242247,ARFGAP3,0.40003657
1213,ENSG00000100422,CERK,0.4918622
1214,ENSG00000100425,BRD1,0.8407283000000001
1215,ENSG00000093009,CDC45,0.5156474
1216,ENSG00000099901,RANBP1,0.0155861145
1217,ENSG00000099949,LZTR1,0.19891515
1218,ENSG00000128228,SDF2L1,0.0036008481
1219,ENSG00000240972,MIF,0.03291663
1220,ENSG00000196431,CRYBA4,0.51397216
1221,ENSG00000185340,GAS2L1,0.17056993
1222,ENSG00000100330,MTMR3,1.7805703999999998
1223,ENSG00000184792,OSBP2,1.1870819
1224,ENSG00000100297,MCM5,0.20000616
1225,ENSG00000100097,LGALS1,0.277401
1226,ENSG00000100196,KDELR3,0.12225131
1227,ENSG00000244509,APOBEC3C,0.049272407
1228,ENSG00000100351,GRAP2,0.7445894000000001
1229,ENSG00000100354,TNRC6B,1.6142014
1230,ENSG00000100359,SGSM3,0.79144853
1231,ENSG00000075218,GTSE1,0.19669706
1232,ENSG00000054611,TBC1D22A,3.3457153
1233,ENSG00000224271,AL117329.1,19.8137
1234,ENSG00000206573,THUMPD3-AS1,4.0822716
1235,ENSG00000125037,EMC3,0.19373825
1236,ENSG00000157020,SEC13,2.1472855
1237,ENSG00000144559,TAMM41,0.99068254
1238,ENSG00000132182,NUP210,0.7735276
1239,ENSG00000131370,SH3BP5,0.26317436
1240,ENSG00000129810,SGO1,0.6740759
1241,ENSG00000197885,NKIRAS1,0.92232245
1242,ENSG00000151092,NGLY1,0.4984044
1243,ENSG00000033867,SLC4A7,0.64852196
1244,ENSG00000091317,CMTM6,0.11137439
1245,ENSG00000168016,TRANK1,0.25213647
1246,ENSG00000223797,ENTPD3-AS1,0.46832848
1247,ENSG00000185219,ZNF445,0.27087745
1248,ENSG00000178917,ZNF852,2.4985769
1249,ENSG00000163814,CDCP1,1.245474
1250,ENSG00000114650,SCAP,0.6640651999999999
1251,ENSG00000114268,PFKFB4,0.9936833
1252,ENSG00000068745,IP6K2,0.68377304
1253,ENSG00000178149,DALRD3,0.65726584
1254,ENSG00000068028,RASSF1,0.5920521
1255,ENSG00000145041,DCAF1,1.9544202
1256,ENSG00000168374,ARF4,0.12063429
1257,ENSG00000189283,FHIT,12.541344
1258,ENSG00000151276,MAGI1,1.8917371
1259,ENSG00000144747,TMF1,0.43918547
1260,ENSG00000114480,GBE1,1.452036
1261,ENSG00000184500,PROS1,1.840379
1262,ENSG00000080819,CPOX,0.27074143
1263,ENSG00000057019,DCBLD2,1.3728303
1264,ENSG00000138468,SENP7,2.1150222000000003
1265,ENSG00000196776,CD47,0.20946476
1266,ENSG00000163611,SPICE1,0.93357295
1267,ENSG00000180353,HCLS1,0.29478785
1268,ENSG00000173230,GOLGB1,0.3637789
1269,ENSG00000179348,GATA2,0.086285606
1270,ENSG00000196455,PIK3R4,0.88699234
1271,ENSG00000114686,MRPL3,0.14857602
1272,ENSG00000174579,MSL2,1.2942036
1273,ENSG00000118007,STAG1,4.1945066
1274,ENSG00000114126,TFDP2,0.488198
1275,ENSG00000114127,XRN1,2.281195
1276,ENSG00000188313,PLSCR1,0.3726113
1277,ENSG00000163660,CCNL1,0.7887185999999999
1278,ENSG00000243150,AC106707.1,0.24415539
1279,ENSG00000213186,TRIM59,0.11478185
1280,ENSG00000085276,MECOM,1.0443981
1281,ENSG00000173889,PHC3,4.770417
1282,ENSG00000154310,TNIK,3.5393977
1283,ENSG00000075651,PLD1,5.508554
1284,ENSG00000237978,KCNMB2-AS1,3.6156225
1285,ENSG00000163918,RFC4,0.24432875
1286,ENSG00000113916,BCL6,2.742971
1287,ENSG00000145014,TMEM44,1.4163731000000002
1288,ENSG00000072274,TFRC,1.1897156999999998
1289,ENSG00000213123,TCTEX1D2,0.19486882
1290,ENSG00000163960,UBXN7,0.53352654
1291,ENSG00000163961,RNF168,1.0129218
1292,ENSG00000114503,NCBP2,0.5326906
1293,ENSG00000150995,ITPR1,2.0179553
1294,ENSG00000134107,BHLHE40,0.32500696
1295,ENSG00000134109,EDEM1,0.23676617
1296,ENSG00000163703,CRELD1,0.26225087
1297,ENSG00000131389,SLC6A6,1.156903
1298,ENSG00000154781,CCDC174,0.28120643
1299,ENSG00000131375,CAPN7,1.0564181
1300,ENSG00000144566,RAB5A,0.59148264
1301,ENSG00000093217,XYLB,4.8787427
1302,ENSG00000114742,WDR48,0.57390416
1303,ENSG00000114784,EIF1B,0.01641688
1304,ENSG00000186448,ZNF197,0.7922335
1305,ENSG00000227398,KIF9-AS1,5.6121793
1306,ENSG00000114735,HEMK1,0.045083463
1307,ENSG00000145050,MANF,0.041008916
1308,ENSG00000164081,TEX264,0.08427573
1309,ENSG00000023330,ALAS1,0.19851927
1310,ENSG00000136068,FLNB,0.8165689
1311,ENSG00000144746,ARL6IP5,0.31097052
1312,ENSG00000178694,NSUN3,0.8115376999999999
1313,ENSG00000114354,TFG,0.18816045
1314,ENSG00000114439,BBX,0.98828256
1315,ENSG00000198919,DZIP3,0.5897129
1316,ENSG00000144827,ABHD10,0.23143438
1317,ENSG00000163389,POGLUT1,0.48249978
1318,ENSG00000173193,PARP14,0.36419535
1319,ENSG00000121542,SEC22A,2.2117531
1320,ENSG00000159685,CHCHD6,0.46815816
1321,ENSG00000073111,MCM2,0.12241436
1322,ENSG00000181789,COPG1,0.4852371
1323,ENSG00000182923,CEP63,0.72400737
1324,ENSG00000174564,IL20RB,0.42313853
1325,ENSG00000163754,GYG1,0.09631678
1326,ENSG00000163755,HPS3,1.1333973
1327,ENSG00000196428,TSC22D2,1.2283806000000002
1328,ENSG00000118855,MFSD1,0.15148413
1329,ENSG00000008952,SEC62,0.30068994
1330,ENSG00000163558,PRKCI,0.7642846
1331,ENSG00000136603,SKIL,0.5969674
1332,ENSG00000075420,FNDC3B,7.825062799999999
1333,ENSG00000114346,ECT2,0.35331088
1334,ENSG00000176597,B3GNT5,0.723638
1335,ENSG00000114796,KLHL24,0.73542446
1336,ENSG00000161202,DVL3,0.15010302
1337,ENSG00000156976,EIF4A2,0.021677475
1338,ENSG00000073849,ST6GAL1,4.4730050000000015
1339,ENSG00000163964,PIGX,0.39254284
1340,ENSG00000249592,AC139887.2,3.5450134
1341,ENSG00000145220,LYAR,0.054746274
1342,ENSG00000087008,ACOX3,1.2774901
1343,ENSG00000118564,FBXL5,4.791149
1344,ENSG00000109606,DHX15,0.58609
1345,ENSG00000109618,SEPSECS,0.7984845
1346,ENSG00000121895,TMEM156,1.3949612
1347,ENSG00000035928,RFC1,0.1531279
1348,ENSG00000109814,UGDH,0.4415782
1349,ENSG00000163683,SMIM14,0.85264355
1350,ENSG00000163694,RBM47,0.72624725
1351,ENSG00000135605,TEC,3.331656
1352,ENSG00000109255,NMU,0.1631121
1353,ENSG00000033178,UBA6,0.78241545
1354,ENSG00000138760,SCARB2,0.40994182
1355,ENSG00000118816,CCNI,0.06298599
1356,ENSG00000163297,ANTXR2,1.527033
1357,ENSG00000138674,SEC31A,1.1090821000000002
1358,ENSG00000138640,FAM13A,4.494343
1359,ENSG00000145335,SNCA,0.52041185
1360,ENSG00000109270,LAMTOR3,0.09398999
1361,ENSG00000164031,DNAJB14,0.9614357
1362,ENSG00000164032,H2AFZ,0.014945454
1363,ENSG00000138814,PPP3CA,0.6655755999999999
1364,ENSG00000109323,MANBA,2.9184248
1365,ENSG00000138778,CENPE,0.38620296
1366,ENSG00000138794,CASP6,0.41180465
1367,ENSG00000170522,ELOVL6,2.1006222
1368,ENSG00000150961,SEC24D,1.379094
1369,ENSG00000164111,ANXA5,0.049972367
1370,ENSG00000145386,CCNA2,0.034093887
1371,ENSG00000170917,NUDT6,0.44663152
1372,ENSG00000151458,ANKRD50,0.38818058
1373,ENSG00000286251,AC097528.1,22.800827
1374,ENSG00000151012,SLC7A11,1.5451443
1375,ENSG00000109381,ELF2,4.422346599999999
1376,ENSG00000197465,GYPE,0.86759526
1377,ENSG00000250361,GYPB,0.22835706
1378,ENSG00000170180,GYPA,0.03898247
1379,ENSG00000164169,PRMT9,0.6219397
1380,ENSG00000198589,LRBA,6.5013947
1381,ENSG00000109670,FBXW7,2.7659802000000004
1382,ENSG00000205208,C4orf46,0.27069736
1383,ENSG00000145439,CBR4,2.1740255
1384,ENSG00000056050,HPF1,0.12984031
1385,ENSG00000164104,HMGB2,0.0045055053000000005
1386,ENSG00000164120,HPGD,0.11991662
1387,ENSG00000287544,AC097518.2,2.0130777
1388,ENSG00000109775,UFSP2,0.26788008
1389,ENSG00000272602,ZNF595,0.32151794
1390,ENSG00000127419,TMEM175,0.58082336
1391,ENSG00000013810,TACC3,0.33963078
1392,ENSG00000087274,ADD1,0.59823096
1393,ENSG00000163993,S100P,0.22979525
1394,ENSG00000170871,KIAA0232,1.7354710999999998
1395,ENSG00000272620,AFAP1-AS1,0.35657287
1396,ENSG00000248837,AC097512.1,8.433432
1397,ENSG00000053900,ANAPC4,0.5153323000000001
1398,ENSG00000251129,LINC02506,7.393172
1399,ENSG00000261761,LINC02616,2.2438395
1400,ENSG00000109787,KLF3,0.38543037
1401,ENSG00000197712,FAM114A1,0.67404044
1402,ENSG00000121897,LIAS,1.8005080000000002
1403,ENSG00000078177,N4BP2,4.301771
1404,ENSG00000168421,RHOH,1.8442262
1405,ENSG00000090989,EXOC1,1.0557722
1406,ENSG00000084093,REST,2.2193427000000003
1407,ENSG00000163738,MTHFD2L,2.3514738
1408,ENSG00000124882,EREG,0.9611743
1409,ENSG00000109321,AREG,0.10161397
1410,ENSG00000138758,SEPTIN11,0.5203051
1411,ENSG00000138756,BMP2K,1.4265155
1412,ENSG00000249307,LINC01088,2.4219217
1413,ENSG00000163319,MRPS18C,0.097199984
1414,ENSG00000138678,GPAT3,0.73734844
1415,ENSG00000172493,AFF1,3.881587
1416,ENSG00000170502,NUDT9,0.3610523
1417,ENSG00000109475,RPL34,0.81062233
1418,ENSG00000198856,OSTC,0.07144352
1419,ENSG00000005059,MCUB,0.25493035
1420,ENSG00000145390,USP53,0.7430011
1421,ENSG00000123737,EXOSC9,0.19109432
1422,ENSG00000145375,SPATA5,4.6263356
1423,ENSG00000164134,NAA15,0.5201995
1424,ENSG00000085871,MGST2,0.34776217
1425,ENSG00000179387,ELMOD2,0.28125122
1426,ENSG00000164124,TMEM144,0.80081254
1427,ENSG00000052802,MSMO1,0.44560987
1428,ENSG00000164118,CEP44,0.6418318000000001
1429,ENSG00000151718,WWC2,1.6352272
1430,ENSG00000168564,CDKN2AIP,0.1884424
1431,ENSG00000164306,PRIMPOL,1.2721423
1432,ENSG00000109536,FRG1,0.0347173
1433,ENSG00000173545,ZNF622,0.09009015
1434,ENSG00000164187,LMBRD2,2.4947093
1435,ENSG00000152620,NADK2,0.28088465
1436,ENSG00000164327,RICTOR,2.9643574
1437,ENSG00000082074,FYB1,0.23683862
1438,ENSG00000177738,AC025171.1,0.86062676
1439,ENSG00000112972,HMGCS1,0.20202175
1440,ENSG00000151881,TMEM267,3.5369057999999995
1441,ENSG00000251141,MRPS30-DT,0.27610677
1442,ENSG00000134352,IL6ST,0.61482525
1443,ENSG00000164512,ANKRD55,0.6786582
1444,ENSG00000197860,SGTB,0.57460535
1445,ENSG00000183323,CCDC125,1.1445610000000002
1446,ENSG00000164331,ANKRA2,0.32875606
1447,ENSG00000132837,DMGDH,2.7933538
1448,ENSG00000134480,CCNH,2.2543564
1449,ENSG00000081189,MEF2C,2.594088
1450,ENSG00000176018,LYSMD3,0.49424985
1451,ENSG00000113369,ARRDC3,0.280543
1452,ENSG00000198961,PJA2,0.4394213
1453,ENSG00000164211,STARD4,0.13498105
1454,ENSG00000164219,PGGT1B,0.55910754
1455,ENSG00000173926,MARCH3,3.6185036
1456,ENSG00000245937,LINC01184,3.5340145
1457,ENSG00000072682,P4HA2,0.14209238
1458,ENSG00000072364,AFF4,1.6828743999999998
1459,ENSG00000113583,C5orf15,0.30751774
1460,ENSG00000069011,PITX1,0.02465524
1461,ENSG00000031003,FAM13B,3.519169
1462,ENSG00000158402,CDC25C,1.889866
1463,ENSG00000184584,TMEM173,0.007142491
1464,ENSG00000131504,DIAPH1,0.42891127
1465,ENSG00000120318,ARAP3,0.9348431
1466,ENSG00000113580,NR3C1,1.5895711
1467,ENSG00000019582,CD74,0.17859523
1468,ENSG00000145901,TNIP1,3.263469
1469,ENSG00000055147,FAM114A2,0.21006913
1470,ENSG00000170271,FAXDC2,0.4040982
1471,ENSG00000170234,PWWP2A,2.0646212
1472,ENSG00000043462,LCP2,0.8988898000000001
1473,ENSG00000072803,FBXW11,1.0822161
1474,ENSG00000283235,AC139493.2,0.6139899000000001
1475,ENSG00000048162,NOP16,0.9191513
1476,ENSG00000146094,DOK3,1.5382774
1477,ENSG00000169045,HNRNPH1,0.047703173
1478,ENSG00000197226,TBC1D9B,1.8401197
1479,ENSG00000113269,RNF130,0.7410135999999999
1480,ENSG00000278970,HEIH,0.14617959
1481,ENSG00000180104,EXOC3,0.34206402
1482,ENSG00000248131,LINC01194,10.799895
1483,ENSG00000251629,LINC02241,8.51534
1484,ENSG00000250337,PURPL,8.276188000000001
1485,ENSG00000259786,LINC02109,71.69391999999998
1486,ENSG00000145604,SKP2,0.32106674
1487,ENSG00000068796,KIF2A,2.4493375
1488,ENSG00000113593,PPWD1,0.43481943
1489,ENSG00000145675,PIK3R1,0.5421731
1490,ENSG00000134057,CCNB1,0.15509947
1491,ENSG00000131844,MCCC2,0.59242094
1492,ENSG00000131711,MAP1B,0.28530002
1493,ENSG00000157107,FCHO2,1.8850721
1494,ENSG00000049860,HEXB,0.65571386
1495,ENSG00000113161,HMGCR,0.27800193
1496,ENSG00000122008,POLK,1.1610466999999998
1497,ENSG00000145703,IQGAP2,1.3164424
1498,ENSG00000085365,SCAMP1,0.5527394
1499,ENSG00000205464,ATP6AP1L,2.870287
1500,ENSG00000164199,ADGRV1,10.901358
1501,ENSG00000113441,LNPEP,0.8373107
1502,ENSG00000248489,LINC02062,1.8804678
1503,ENSG00000151422,FER,3.5225723
1504,ENSG00000172869,DMXL1,2.3939881
1505,ENSG00000184838,PRR16,5.161359
1506,ENSG00000151304,SRFBP1,1.4627103
1507,ENSG00000260192,LINC02240,8.593505
1508,ENSG00000164902,PHAX,0.25641558
1509,ENSG00000164244,PRRC1,0.42466342
1510,ENSG00000131435,PDLIM4,0.021465605
1511,ENSG00000197375,SLC22A5,1.9778764
1512,ENSG00000113658,SMAD5,2.1109486
1513,ENSG00000112984,KIF20A,0.13541634
1514,ENSG00000120306,CYSTM1,1.6745775
1515,ENSG00000081791,DELE1,0.40372694
1516,ENSG00000131507,NDFIP1,0.31804022
1517,ENSG00000256235,SMIM3,0.043154098
1518,ENSG00000196743,GM2A,0.28465587
1519,ENSG00000123643,SLC36A1,1.2338142
1520,ENSG00000055163,CYFIP2,0.5818631999999999
1521,ENSG00000164611,PTTG1,0.030391729
1522,ENSG00000072571,HMMR,0.2533172
1523,ENSG00000241956,AC109466.1,54.50589
1524,ENSG00000113643,RARS,0.75877714
1525,ENSG00000040275,SPDL1,0.15480906
1526,ENSG00000134516,DOCK2,1.4087992
1527,ENSG00000181163,NPM1,0.037688
1528,ENSG00000164463,CREBRF,0.23579817
1529,ENSG00000113734,BNIP1,0.5637564
1530,ENSG00000113742,CPEB4,1.1845317
1531,ENSG00000113194,FAF2,0.9275028
1532,ENSG00000184840,TMED9,0.049796022
1533,ENSG00000249849,AC138819.1,4.17435
1534,ENSG00000161011,SQSTM1,0.42495885
1535,ENSG00000165810,BTNL9,1.8387439
1536,ENSG00000021355,SERPINB1,0.6291426999999999
1537,ENSG00000170542,SERPINB9,0.43232927
1538,ENSG00000124570,SERPINB6,0.06840175400000001
1539,ENSG00000228793,AL033523.1,4.853096
1540,ENSG00000188428,BLOC1S5,0.38083306
1541,ENSG00000124786,SLC35B3,1.1807047
1542,ENSG00000145990,GFOD1,1.4531107
1543,ENSG00000112308,C6orf62,0.4215708
1544,ENSG00000180596,HIST1H2BC,0.47948048
1545,ENSG00000158406,HIST1H4H,0.5339779
1546,ENSG00000124635,HIST1H2BJ,0.29317906
1547,ENSG00000269293,ZSCAN16-AS1,0.12693739
1548,ENSG00000204569,PPP1R10,0.54966104
1549,ENSG00000146112,PPP1R18,0.06055092
1550,ENSG00000137337,MDC1,0.8159695
1551,ENSG00000213722,DDAH2,0.058373015
1552,ENSG00000213719,CLIC1,0.009089243
1553,ENSG00000204385,SLC44A4,0.59588146
1554,ENSG00000204371,EHMT2,0.19544895
1555,ENSG00000213676,ATF6B,0.35757104
1556,ENSG00000204231,RXRB,0.14302768
1557,ENSG00000231925,TAPBP,0.14081798
1558,ENSG00000196821,ILRUN,1.5653855
1559,ENSG00000124767,GLO1,0.13957076
1560,ENSG00000112651,MRPL2,0.051275827
1561,ENSG00000172432,GTPBP2,1.3938586000000002
1562,ENSG00000146232,NFKBIE,0.18925491
1563,ENSG00000112077,RHAG,0.51599425
1564,ENSG00000112118,MCM3,0.14263365
1565,ENSG00000112210,RAB23,0.72657716
1566,ENSG00000227706,AL713998.1,0.3818708
1567,ENSG00000112697,TMEM30A,0.12949139
1568,ENSG00000135315,CEP162,1.2240046
1569,ENSG00000203875,SNHG5,0.02492922
1570,ENSG00000198833,UBE2J1,0.2805411
1571,ENSG00000112159,MDN1,1.2843294
1572,ENSG00000112182,BACH2,5.7134523
1573,ENSG00000112218,GPR63,0.95683604
1574,ENSG00000081087,OSTM1,0.6403034000000001
1575,ENSG00000135535,CD164,0.13189715
1576,ENSG00000155111,CDK19,3.5012348
1577,ENSG00000146350,TBC1D32,3.783640600000001
1578,ENSG00000146376,ARHGAP18,0.66499764
1579,ENSG00000112339,HBS1L,1.2572409
1580,ENSG00000027697,IFNGR1,0.39175037
1581,ENSG00000164442,CITED2,0.05839046
1582,ENSG00000285875,AL035446.2,14.152467
1583,ENSG00000186625,KATNA1,0.36232653
1584,ENSG00000155906,RMND1,1.1310215
1585,ENSG00000112029,FBXO5,0.134702
1586,ENSG00000153721,CNKSR3,1.9135768
1587,ENSG00000215712,TMEM242,0.25153400000000004
1588,ENSG00000026297,RNASET2,0.047885537
1589,ENSG00000184465,WDR27,2.0978422
1590,ENSG00000008018,PSMB1,0.007025176700000001
1591,ENSG00000124588,NQO2,0.17251138
1592,ENSG00000124784,RIOK1,0.29842090000000004
1593,ENSG00000111845,PAK1IP1,0.10739582
1594,ENSG00000112137,PHACTR1,0.37699935
1595,ENSG00000180537,RNF182,0.53894514
1596,ENSG00000008083,JARID2,1.7254568
1597,ENSG00000007944,MYLIP,0.70355076
1598,ENSG00000137198,GMPR,3.641383
1599,ENSG00000112312,GMNN,0.122526675
1600,ENSG00000112343,TRIM38,0.062991925
1601,ENSG00000180573,HIST1H2AC,0.3872019
1602,ENSG00000158373,HIST1H2BD,0.7373712
1603,ENSG00000233822,HIST1H2BN,2.746311
1604,ENSG00000137338,PGBD1,1.0107911
1605,ENSG00000204619,PPP1R11,0.09511112
1606,ENSG00000196230,TUBB,0.0057474105
1607,ENSG00000204482,LST1,0.26260605
1608,ENSG00000204472,AIF1,0.28789973
1609,ENSG00000204387,SNHG32,0.03442691
1610,ENSG00000204228,HSD17B8,0.082306355
1611,ENSG00000237649,KIFC1,0.17420563
1612,ENSG00000137309,HMGA1,0.006479812
1613,ENSG00000065029,ZNF76,1.4087553999999998
1614,ENSG00000023892,DEF6,0.3512871
1615,ENSG00000198663,C6orf89,0.29026347
1616,ENSG00000137193,PIM1,0.01568757
1617,ENSG00000065491,TBC1D22B,1.3639821
1618,ENSG00000156639,ZFAND3,4.1211824
1619,ENSG00000137161,CNPY3,0.26982227
1620,ENSG00000124541,RRP36,1.9294777
1621,ENSG00000137171,KLC4,0.7530834
1622,ENSG00000170734,POLH,1.4335343
1623,ENSG00000124688,MAD2L1BP,0.20928216
1624,ENSG00000112715,VEGFA,0.020469697
1625,ENSG00000112759,SLC29A1,0.21219052
1626,ENSG00000096384,HSP90AB1,0.014173244
1627,ENSG00000112146,FBXO9,0.5088375
1628,ENSG00000285838,AL646090.2,4.4651685
1629,ENSG00000237643,AL365226.2,0.027996212000000003
1630,ENSG00000229852,AC019205.1,1.1830581
1631,ENSG00000196586,MYO6,0.94247776
1632,ENSG00000146243,IRAK1BP1,2.8387585
1633,ENSG00000112742,TTK,0.24360989
1634,ENSG00000135324,MRAP2,0.35996196
1635,ENSG00000197498,RPF2,0.38816488
1636,ENSG00000111907,TPD52L1,0.46007243
1637,ENSG00000111912,NCOA7,1.0965257
1638,ENSG00000111911,HINT3,0.16528125
1639,ENSG00000203760,CENPW,0.20730543
1640,ENSG00000112306,RPS12,0.01579196
1641,ENSG00000118513,MYB,0.81842405
1642,ENSG00000146416,AIG1,2.5503957
1643,ENSG00000112419,PHACTR2,0.51883
1644,ENSG00000135521,LTV1,0.11153006
1645,ENSG00000152818,UTRN,4.889139
1646,ENSG00000227748,AL138916.1,1.220457
1647,ENSG00000164506,STXBP5,9.108848
1648,ENSG00000227681,AL033504.1,1.5232005
1649,ENSG00000120265,PCMT1,0.48583722
1650,ENSG00000198729,PPP1R14C,0.58861417
1651,ENSG00000213079,SCAF8,9.193793
1652,ENSG00000146457,WTAP,0.9663242
1653,ENSG00000120437,ACAT2,0.14233789
1654,ENSG00000213066,FGFR1OP,2.638913
1655,ENSG00000178381,ZFAND2A,1.5997076
1656,ENSG00000106266,SNX8,0.64662147
1657,ENSG00000198286,CARD11,3.5511922999999994
1658,ENSG00000182095,TNRC18,2.7187982
1659,ENSG00000075624,ACTB,0.026392005
1660,ENSG00000136240,KDELR2,0.11102768
1661,ENSG00000164631,ZNF12,0.3425748
1662,ENSG00000106399,RPA3,0.016300753
1663,ENSG00000003147,ICA1,0.66694665
1664,ENSG00000189043,NDUFA4,0.0022784623000000003
1665,ENSG00000006468,ETV1,0.7388857
1666,ENSG00000214960,CRPPA,2.6277277000000003
1667,ENSG00000106524,ANKMY2,0.5084827000000001
1668,ENSG00000105849,TWISTNB,0.023946607
1669,ENSG00000287093,AC003093.1,0.5408044
1670,ENSG00000172115,CYCS,0.0028986163
1671,ENSG00000122566,HNRNPA2B1,0.091360606
1672,ENSG00000170852,KBTBD2,0.7978959
1673,ENSG00000122557,HERPUD2,0.5786861999999999
1674,ENSG00000006715,VPS41,0.9555885
1675,ENSG00000015676,NUDCD3,0.8998599
1676,ENSG00000158604,TMED4,0.042058025
1677,ENSG00000164776,PHKG1,0.15590878
1678,ENSG00000173041,ZNF680,1.5542299
1679,ENSG00000169919,GUSB,0.3125434
1680,ENSG00000277149,TYW1B,8.55852
1681,ENSG00000075213,SEMA3A,4.4799023
1682,ENSG00000164659,KIAA1324L,1.1958606
1683,ENSG00000075303,SLC25A40,0.64816266
1684,ENSG00000001630,CYP51A1,0.0881318
1685,ENSG00000105810,CDK6,0.7412236
1686,ENSG00000241468,ATP5MF,0.030127466
1687,ENSG00000166508,MCM7,0.10506175
1688,ENSG00000146830,GIGYF1,0.5244833999999999
1689,ENSG00000161040,FBXL13,6.8980007
1690,ENSG00000189056,RELN,4.665037
1691,ENSG00000091136,LAMB1,1.5257264
1692,ENSG00000135241,PNPLA8,0.3439555
1693,ENSG00000184903,IMMP2L,12.408144
1694,ENSG00000164604,GPR85,2.5218012
1695,ENSG00000080802,CNOT4,1.4004927
1696,ENSG00000182158,CREB3L2,1.152837
1697,ENSG00000105939,ZC3HAV1,0.67884046
1698,ENSG00000059378,PARP12,0.37254533
1699,ENSG00000006459,KDM7A,1.3700903999999998
1700,ENSG00000197993,KEL,3.119389
1701,ENSG00000198420,TCAF1,0.5949705
1702,ENSG00000155660,PDIA4,0.05258624
1703,ENSG00000181444,ZNF467,0.117763475
1704,ENSG00000055118,KCNH2,0.079814434
1705,ENSG00000164896,FASTK,0.76928747
1706,ENSG00000234722,LINC01287,1.6929339
1707,ENSG00000146918,NCAPG2,1.1619238
1708,ENSG00000136213,CHST12,0.26091647
1709,ENSG00000205903,ZNF316,0.19346146
1710,ENSG00000106392,C1GALT1,0.4027765
1711,ENSG00000164654,MIOS,0.44322574
1712,ENSG00000122644,ARL4A,0.01909365
1713,ENSG00000106537,TSPAN13,0.10448222
1714,ENSG00000232790,LINC01162,5.3980565
1715,ENSG00000105866,SP4,0.84743965
1716,ENSG00000222004,LINC02860,2.921939
1717,ENSG00000106052,TAX1BP1,0.5310149000000001
1718,ENSG00000146592,CREB5,2.343296
1719,ENSG00000106125,MINDY4,1.99374
1720,ENSG00000105778,AVL9,2.3266118
1721,ENSG00000011426,ANLN,1.0847467
1722,ENSG00000106605,BLVRA,0.16822118
1723,ENSG00000106636,YKT6,0.06914986
1724,ENSG00000129103,SUMF2,0.6077854
1725,ENSG00000234444,ZNF736,0.9792925
1726,ENSG00000197008,ZNF138,0.8599286
1727,ENSG00000154710,RABGEF1,3.5388217000000006
1728,ENSG00000106665,CLIP2,0.4098953
1729,ENSG00000005486,RHBDD2,0.3685411
1730,ENSG00000006634,DBF4,0.2112215
1731,ENSG00000105793,GTPBP10,1.7715995
1732,ENSG00000127914,AKAP9,0.37859517
1733,ENSG00000130429,ARPC1B,0.04238677
1734,ENSG00000196652,ZKSCAN5,0.7667361999999999
1735,ENSG00000106261,ZKSCAN1,0.2742046
1736,ENSG00000146828,SLC12A9,1.0923656000000002
1737,ENSG00000169871,TRIM56,0.30438697
1738,ENSG00000160991,ORAI2,0.21776925
1739,ENSG00000222011,FAM185A,2.3074064
1740,ENSG00000230257,NFE4,0.17709161
1741,ENSG00000161057,PSMC2,0.09690502
1742,ENSG00000228742,LINC02577,1.3511684
1743,ENSG00000105851,PIK3CG,0.22066692
1744,ENSG00000005249,PRKAR2B,0.5242095999999999
1745,ENSG00000105856,HBP1,0.20848255
1746,ENSG00000075790,BCAP29,0.76261103
1747,ENSG00000198839,ZNF277,0.5555278
1748,ENSG00000135269,TES,0.17246033
1749,ENSG00000105971,CAV2,0.26284894
1750,ENSG00000106034,CPED1,4.8596425000000005
1751,ENSG00000158467,AHCYL2,5.4194264
1752,ENSG00000131558,EXOC4,20.923105
1753,ENSG00000155561,NUP205,0.8585725000000001
1754,ENSG00000232053,AC078845.1,5.9140844
1755,ENSG00000059377,TBXAS1,4.4984555
1756,ENSG00000106028,SSBP1,0.1344266
1757,ENSG00000211751,TRBC1,0.05472811
1758,ENSG00000106123,EPHB6,0.18096833
1759,ENSG00000159840,ZYX,0.013476895
1760,ENSG00000197150,ABCB8,0.7581420999999999
1761,ENSG00000013374,NUB1,0.44507378
1762,ENSG00000186480,INSIG1,0.107976064
1763,ENSG00000126870,WDR60,0.65077925
1764,ENSG00000183117,CSMD1,5.694503299999999
1765,ENSG00000255046,AC069185.1,0.29900792
1766,ENSG00000164741,DLC1,0.19225693
1767,ENSG00000104763,ASAH1,0.27942458
1768,ENSG00000147439,BIN3,0.5977385999999999
1769,ENSG00000120889,TNFRSF10B,1.1418306
1770,ENSG00000104756,KCTD9,0.54981387
1771,ENSG00000120885,CLU,0.53880215
1772,ENSG00000168078,PBK,0.13433495
1773,ENSG00000197892,KIF13B,1.9262152
1774,ENSG00000147465,STAR,0.016990362
1775,ENSG00000168300,PCMTD1,1.273799
1776,ENSG00000178538,CA8,1.1741426
1777,ENSG00000198363,ASPH,1.0829375
1778,ENSG00000067167,TRAM1,0.17510179999999995
1779,ENSG00000040341,STAU2,2.7631273
1780,ENSG00000249395,CASC9,1.5076617
1781,ENSG00000253661,ZFHX4-AS1,2.6717887000000005
1782,ENSG00000133731,IMPA1,0.38988575
1783,ENSG00000133742,CA1,0.40413308
1784,ENSG00000176623,RMDN1,0.9146004
1785,ENSG00000104327,CALB1,0.06992982
1786,ENSG00000155099,PIP4P2,0.102050826
1787,ENSG00000175305,CCNE2,0.39001596
1788,ENSG00000156469,MTERF3,0.4845504
1789,ENSG00000104490,NCALD,3.8950899
1790,ENSG00000104517,UBR5,1.5266185
1791,ENSG00000155090,KLF10,0.2572782
1792,ENSG00000147650,LRP12,1.1894585
1793,ENSG00000251003,ZFPM2-AS1,9.037905
1794,ENSG00000154188,ANGPT1,0.7358239000000001
1795,ENSG00000104447,TRPS1,3.6430926
1796,ENSG00000136986,DERL1,0.11118615
1797,ENSG00000008513,ST3GAL1,0.88437074
1798,ENSG00000169398,PTK2,3.858385
1799,ENSG00000253716,MINCR,0.2118417
1800,ENSG00000178209,PLEC,0.23706639
1801,ENSG00000160948,VPS28,0.07213398
1802,ENSG00000253853,AC246817.1,5.5700045
1803,ENSG00000104626,ERI1,4.6470037
1804,ENSG00000079459,FDFT1,0.22398496
1805,ENSG00000104219,ZDHHC2,0.41070646
1806,ENSG00000078674,PCM1,0.56923115
1807,ENSG00000168487,BMP1,0.8230884
1808,ENSG00000147454,SLC25A37,0.23215994
1809,ENSG00000184661,CDCA2,0.70556325
1810,ENSG00000120915,EPHX2,0.56847495
1811,ENSG00000104660,LEPROTL1,0.9142004
1812,ENSG00000169499,PLEKHA2,0.40179658
1813,ENSG00000176209,SMIM19,0.38981178
1814,ENSG00000165102,HGSNAT,1.2053553999999995
1815,ENSG00000104738,MCM4,0.4959934
1816,ENSG00000253474,AC044893.1,2.920735
1817,ENSG00000137575,SDCBP,0.07652766
1818,ENSG00000104388,RAB2A,0.35898218
1819,ENSG00000104205,SGK3,5.69447
1820,ENSG00000121039,RDH10,0.1671839
1821,ENSG00000133739,LRRCC1,0.18809117
1822,ENSG00000123124,WWP1,3.337718
1823,ENSG00000104325,DECR1,0.45816687
1824,ENSG00000175895,PLEKHF2,0.25086486
1825,ENSG00000104324,CPQ,4.316103
1826,ENSG00000104341,LAPTM4B,0.13258438
1827,ENSG00000164934,DCAF13,0.08368416
1828,ENSG00000164830,OXR1,1.0769296
1829,ENSG00000187955,COL14A1,0.7400453
1830,ENSG00000147689,FAM83A,0.8071670999999999
1831,ENSG00000104549,SQLE,0.12490518
1832,ENSG00000136997,MYC,0.017017813
1833,ENSG00000184489,PTP4A3,0.07037135
1834,ENSG00000160972,PPP1R16A,0.15893808
1835,ENSG00000080298,RFX3,5.532238
1836,ENSG00000147862,NFIB,1.7587562
1837,ENSG00000147872,PLIN2,0.3645255
1838,ENSG00000137154,RPS6,0.007372268
1839,ENSG00000137074,APTX,2.285978
1840,ENSG00000107262,BAG1,0.10967726
1841,ENSG00000186638,KIF24,2.0190382
1842,ENSG00000137100,DCTN3,0.011546294
1843,ENSG00000188647,PTAR1,0.5564717
1844,ENSG00000135048,CEMIP2,1.52572
1845,ENSG00000165092,ALDH1A1,0.05805987
1846,ENSG00000135045,C9orf40,0.18178913
1847,ENSG00000156052,GNAQ,2.5373762
1848,ENSG00000165113,GKAP1,0.49809352
1849,ENSG00000083223,TUT7,1.1786034
1850,ENSG00000090054,SPTLC1,2.5731864
1851,ENSG00000196312,MFSD14C,1.5074713
1852,ENSG00000136929,HEMGN,0.16619867
1853,ENSG00000106789,CORO2A,0.7315875
1854,ENSG00000023318,ERP44,0.43780828
1855,ENSG00000136891,TEX10,0.7165639
1856,ENSG00000119431,HDHD3,0.52659243
1857,ENSG00000119396,RAB14,0.20103958
1858,ENSG00000136935,GOLGA1,1.6634779
1859,ENSG00000044574,HSPA5,0.013914015
1860,ENSG00000197958,RPL12,0.0025338659
1861,ENSG00000167110,GOLGA2,0.13548508
1862,ENSG00000160445,ZER1,2.355616
1863,ENSG00000136819,C9orf78,0.09278475
1864,ENSG00000187239,FNBP1,1.703197
1865,ENSG00000246851,AL157938.3,0.28001878
1866,ENSG00000125482,TTF1,0.8889714
1867,ENSG00000165699,TSC1,0.7887456
1868,ENSG00000148288,GBGT1,0.33416617
1869,ENSG00000175164,ABO,1.5892576
1870,ENSG00000148296,SURF6,0.020787926
1871,ENSG00000148290,SURF1,0.079041645
1872,ENSG00000225361,PPP1R26-AS1,1.9841714
1873,ENSG00000107099,DOCK8,4.6873417
1874,ENSG00000080503,SMARCA2,1.8900932
1875,ENSG00000147854,UHRF2,1.6689538000000002
1876,ENSG00000096872,IFT74,0.3894352
1877,ENSG00000235453,SMIM27,0.092492245
1878,ENSG00000086061,DNAJA1,0.066949025
1879,ENSG00000086065,CHMP5,0.067600384
1880,ENSG00000135046,ANXA1,0.083282694
1881,ENSG00000197969,VPS13A,1.5794671999999998
1882,ENSG00000135069,PSAT1,0.378818
1883,ENSG00000106829,TLE4,0.6732344
1884,ENSG00000135040,NAA35,0.79815054
1885,ENSG00000196730,DAPK1,4.1292005
1886,ENSG00000135047,CTSL,0.14459981
1887,ENSG00000123975,CKS2,0.04341058
1888,ENSG00000157303,SUSD3,0.19594769
1889,ENSG00000148120,AOPEP,3.9328377
1890,ENSG00000136842,TMOD1,0.4988691
1891,ENSG00000095380,NANS,0.08571845
1892,ENSG00000059769,DNAJC25,0.80500275
1893,ENSG00000148154,UGCG,0.3319295
1894,ENSG00000119471,HSDL2,0.7377348000000001
1895,ENSG00000136868,SLC31A1,0.38804662
1896,ENSG00000136875,PRPF4,0.19661744
1897,ENSG00000119397,CNTRL,1.0071107
1898,ENSG00000148180,GSN,0.17365654
1899,ENSG00000169155,ZBTB43,0.3680463
1900,ENSG00000148356,LRSAM1,2.3161545
1901,ENSG00000106976,DNM1,2.498933
1902,ENSG00000175854,SWI5,0.58099586
1903,ENSG00000136811,ODF2,1.1653513999999998
1904,ENSG00000197694,SPTAN1,0.2947326
1905,ENSG00000119335,SET,0.026492454
1906,ENSG00000136802,LRRC8A,0.4128284
1907,ENSG00000130723,PRRC2B,1.2314883
1908,ENSG00000165702,GFI1B,0.090485595
1909,ENSG00000160360,GPSM1,0.68968403
1910,ENSG00000172889,EGFL7,0.061338603
1911,ENSG00000127191,TRAF2,0.4290187
1912,ENSG00000188229,TUBB4B,0.005589827
1913,ENSG00000235385,LINC02154,0.7910347
1914,ENSG00000087842,PIR,0.726223
1915,ENSG00000182287,AP1S2,0.2863759
1916,ENSG00000102054,RBBP7,0.52302444
1917,ENSG00000185753,CXorf38,0.37231222
1918,ENSG00000147124,ZNF41,2.226918
1919,ENSG00000126767,ELK1,0.19489722
1920,ENSG00000165584,SSX3,1.0479338
1921,ENSG00000068308,OTUD5,0.366038
1922,ENSG00000068323,TFE3,0.24323575
1923,ENSG00000196998,WDR45,0.4429541
1924,ENSG00000068985,PAGE1,0.0058388934
1925,ENSG00000172943,PHF8,0.6364671
1926,ENSG00000158578,ALAS2,0.118056744
1927,ENSG00000228160,AL158069.1,0.17189929
1928,ENSG00000131263,RLIM,0.4455375
1929,ENSG00000131269,ABCB7,0.7495541
1930,ENSG00000085224,ATRX,0.6824315
1931,ENSG00000102158,MAGT1,0.43416104
1932,ENSG00000078596,ITM2A,0.031558637
1933,ENSG00000180964,TCEAL8,0.051434323
1934,ENSG00000133134,BEX2,0.08411184
1935,ENSG00000123562,MORF4L2,0.19730228
1936,ENSG00000241743,XACT,53.990196
1937,ENSG00000003096,KLHL13,3.847939
1938,ENSG00000009694,TENM1,5.8613443
1939,ENSG00000188706,ZDHHC9,0.28663465
1940,ENSG00000232611,AL683813.1,1.0095013000000002
1941,ENSG00000147274,RBMX,0.1358591
1942,ENSG00000102287,GABRE,0.23141362
1943,ENSG00000287394,AC244102.4,1.1965019
1944,ENSG00000089820,ARHGAP4,0.55443525
1945,ENSG00000013563,DNASE1L1,0.6086189000000001
1946,ENSG00000126890,CTAG2,0.09273819
1947,ENSG00000130830,MPP1,0.08899286
1948,ENSG00000155962,CLIC2,0.37931824
1949,ENSG00000182378,PLCXD1,0.26960576
1950,ENSG00000226179,LINC00685,0.5931763000000001
1951,ENSG00000197976,AKAP17A,0.17898235
1952,ENSG00000002586,CD99,0.07936338
1953,ENSG00000056998,GYG2,1.1811584
1954,ENSG00000182583,VCX,1.9509008
1955,ENSG00000205642,VCX3B,0.99442476
1956,ENSG00000205542,TMSB4X,0.006961349
1957,ENSG00000226985,LINC01203,11.377188
1958,ENSG00000046651,OFD1,0.5906548
1959,ENSG00000102010,BMX,0.14508900000000002
1960,ENSG00000169249,ZRSR2,0.68923706
1961,ENSG00000131828,PDHA1,0.035075165
1962,ENSG00000012174,MBTPS2,1.0997342
1963,ENSG00000123131,PRDX4,0.06927521
1964,ENSG00000130066,SAT1,0.07468063400000001
1965,ENSG00000005889,ZFX,1.4593167
1966,ENSG00000101868,POLA1,3.0608704
1967,ENSG00000047597,XK,0.56800735
1968,ENSG00000165175,MID1IP1,0.042237904000000014
1969,ENSG00000182220,ATP6AP2,0.10069995
1970,ENSG00000124486,USP9X,0.75284564
1971,ENSG00000102226,USP11,0.28899482
1972,ENSG00000102265,TIMP1,0.00962062
1973,ENSG00000126752,SSX1,0.14101006
1974,ENSG00000147155,EBP,0.046282124
1975,ENSG00000102007,PLP2,0.022221705
1976,ENSG00000171365,CLCN5,0.879591
1977,ENSG00000179222,MAGED1,1.1207143999999998
1978,ENSG00000102316,MAGED2,0.08088086
1979,ENSG00000238269,PAGE2B,0.43124616
1980,ENSG00000158639,PAGE5,0.093809165
1981,ENSG00000204272,NBDY,1.5053823
1982,ENSG00000237311,AL034397.2,0.0662279
1983,ENSG00000274536,AL034397.3,0.44935104
1984,ENSG00000089472,HEPH,0.90250105
1985,ENSG00000181704,YIPF6,0.23828492
1986,ENSG00000102144,PGK1,0.059638117
1987,ENSG00000131171,SH3BGRL,0.19786231
1988,ENSG00000155008,APOOL,0.45695892
1989,ENSG00000102409,BEX4,0.019027993
1990,ENSG00000185222,TCEAL9,0.115216225
1991,ENSG00000131725,WDR44,2.6135955
1992,ENSG00000147251,DOCK11,1.4595516000000002
1993,ENSG00000131724,IL13RA1,0.2573678
1994,ENSG00000286163,AC002377.1,1.1123239
1995,ENSG00000102081,FMR1,0.494171
1996,ENSG00000176988,FMR1NB,0.4359599
1997,ENSG00000166049,PASD1,0.4068932
1998,ENSG00000130821,SLC6A8,0.0048399954
1999,ENSG00000147403,RPL10,0.017665891
