,gene_name,gamma,gene_id
0,EGR1,0.0041988757,ENSG00000120738
1,POLK,0.07694089,ENSG00000122008
2,AREG,0.02301302,ENSG00000109321
3,DHX15,0.04983485,ENSG00000109606
4,SETD2,0.11788534,ENSG00000181555
5,UGDH,0.08403519,ENSG00000109814
6,IMPA2,0.012884973000000001,ENSG00000141401
7,PANK3,0.097000316,ENSG00000120137
8,KRT8,0.006379414,ENSG00000170421
9,C3orf85,0.044819787,ENSG00000241224
10,APOA4,0.00043597343,ENSG00000110244
11,KRT18,0.00025447705000000004,ENSG00000111057
12,SMAD2,0.10246282,ENSG00000175387
13,FTL,9.842384e-05,ENSG00000087086
14,LYST,0.07430935,ENSG00000143669
15,AVIL,0.011422778500000001,ENSG00000135407
16,CARMIL1,0.73125327,ENSG00000079691
17,SEC24D,0.17728296,ENSG00000150961
18,EIF2AK2,0.039123923,ENSG00000055332
19,APOC3,0.002461244,ENSG00000110245
20,AP5M1,0.02929062,ENSG00000053770
21,RPS8,0.00018752266,ENSG00000142937
22,PHGR1,0.002135448,ENSG00000233041
23,POLR2H,0.020432796,ENSG00000163882
24,EEF1A1,5.2700496000000004e-05,ENSG00000156508
25,JUP,0.11858612,ENSG00000173801
26,TMX3,0.025348632000000003,ENSG00000166479
27,ATAD2B,0.20724764,ENSG00000119778
28,CYP3A5,0.09277617,ENSG00000106258
29,CD164,0.018287133,ENSG00000135535
30,RREB1,0.13272615,ENSG00000124782
31,PARL,0.03350585,ENSG00000175193
32,MUC13,0.33946362,ENSG00000173702
33,TFF3,0.00013823969,ENSG00000160180
34,MALL,0.11760573,ENSG00000144063
35,UBE2E3,0.20039876,ENSG00000170035
36,NET1,0.12864505,ENSG00000173848
37,FTH1,0.0009018171699999999,ENSG00000167996
38,PPP1R14D,0.026711752999999998,ENSG00000166143
39,LUZP1,0.20646511,ENSG00000169641
40,ATP5MC1,0.01444875,ENSG00000159199
41,AFDN,0.34101543,ENSG00000130396
42,USP9X,0.19434516,ENSG00000124486
43,TMC5,0.16731639,ENSG00000103534
44,HERC4,0.37091088,ENSG00000148634
45,CLDN4,0.013391967,ENSG00000189143
46,STK3,0.46164367,ENSG00000104375
47,AP1G1,0.0790394,ENSG00000166747
48,TSPAN13,0.12269086400000001,ENSG00000106537
49,ACTB,0.0028156352,ENSG00000075624
50,PGRMC2,0.013148693999999999,ENSG00000164040
51,METAP1,0.04874446,ENSG00000164024
52,CD74,0.0030123940000000003,ENSG00000019582
53,PCGF3,0.03848265,ENSG00000185619
54,GBP1,0.073539525,ENSG00000117228
55,GBP3,0.016229228999999998,ENSG00000117226
56,ATP2A3,0.021674829,ENSG00000074370
57,AZGP1,0.0032531752,ENSG00000160862
58,TSC22D3,0.0020497767,ENSG00000157514
59,RNF11,0.10589335,ENSG00000123091
60,ZFP36,0.0021359492000000003,ENSG00000128016
61,SARM1,0.0053064777,ENSG00000004139
62,USP12,0.10529987,ENSG00000152484
63,SFXN5,0.026763864,ENSG00000144040
64,TAF1B,0.0081169065,ENSG00000115750
65,LASP1,0.056758236,ENSG00000002834
66,PCYT2,0.0024635298,ENSG00000185813
67,RPL39,4.4834390000000005e-05,ENSG00000198918
68,TNFRSF21,0.14113732,ENSG00000146072
69,AGR2,0.010174436,ENSG00000106541
70,D2HGDH,0.027583765,ENSG00000180902
71,KCTD9,0.06915073,ENSG00000104756
72,GIPC2,0.19657864,ENSG00000137960
73,UBE2V2,0.01877284,ENSG00000169139
74,ADAMTSL4-AS1,0.054978948,ENSG00000203804
75,APTX,0.02926227,ENSG00000137074
76,TMCO1,0.07340563,ENSG00000143183
77,SLC35G1,0.10480012,ENSG00000176273
78,SECTM1,0.055349402,ENSG00000141574
79,R3HDM1,0.067445114,ENSG00000048991
80,EPB41L3,0.5659022,ENSG00000082397
81,TRPM4,0.045229025,ENSG00000130529
82,TMSB4X,7.035078e-05,ENSG00000205542
83,MUC3A,0.00460437,ENSG00000169894
84,PLOD2,0.11801426,ENSG00000152952
85,SIK1B,0.055179972,ENSG00000275993
86,ZNF644,0.14045514,ENSG00000122482
87,CIDEC,0.13598302,ENSG00000187288
88,CRYZ,0.031012116,ENSG00000116791
89,WSB2,0.096005544,ENSG00000176871
90,PIGR,0.00092219573,ENSG00000162896
91,P2RX4,0.029162234,ENSG00000135124
92,SLC5A9,0.04937712,ENSG00000117834
93,RAB30,0.029300366,ENSG00000137502
94,ZZEF1,0.23200184,ENSG00000074755
95,ABCA5,0.14385347,ENSG00000154265
96,ACP1,0.009138809,ENSG00000143727
97,ZNF638,0.21747594,ENSG00000075292
98,FHL2,0.268552,ENSG00000115641
99,DDX3X,0.010199818000000001,ENSG00000215301
100,PIP5K1B,0.5323326999999999,ENSG00000107242
101,CYBRD1,0.15837991,ENSG00000071967
102,MBP,0.09294281,ENSG00000197971
103,SRA1,0.032041453,ENSG00000213523
104,RERE,0.29892399999999997,ENSG00000142599
105,CPT1A,0.08016983400000001,ENSG00000110090
106,A1CF,0.12816112,ENSG00000148584
107,ECE1,0.03684235,ENSG00000117298
108,AZIN1,0.06880491,ENSG00000155096
109,FLI1,0.0029366487,ENSG00000151702
110,ARPP19,0.021677746,ENSG00000128989
111,DNAJC15,0.10410299,ENSG00000120675
112,FBXO22,0.022119852000000002,ENSG00000167196
113,TLK2,0.124130055,ENSG00000146872
114,SPG7,0.08811871,ENSG00000197912
115,ABHD18,0.074985005,ENSG00000164074
116,TOP1,0.33858162,ENSG00000198900
117,ATL2,0.24767393,ENSG00000119787
118,SLC25A13,0.25572732,ENSG00000004864
119,DSTN,0.054554824,ENSG00000125868
120,JMJD1C,0.37980837,ENSG00000171988
121,CYB5A,0.0068757995,ENSG00000166347
122,SPPL2A,0.081810124,ENSG00000138600
123,ATP6AP2,0.006920765,ENSG00000182220
124,MTMR4,0.04527788,ENSG00000108389
125,TEN1,0.05042721,ENSG00000257949
126,R3HDM2,0.114898704,ENSG00000179912
127,SLC39A14,0.06155481,ENSG00000104635
128,TMEM120A,0.01371587,ENSG00000189077
129,PTGS1,0.028484107999999998,ENSG00000095303
130,SLC6A19,0.021488572999999997,ENSG00000174358
131,KALRN,0.3531371,ENSG00000160145
132,ACSS2,0.13367543,ENSG00000131069
133,CRBN,0.02946558,ENSG00000113851
134,AHCYL1,0.07870269999999999,ENSG00000168710
135,CHTOP,0.00969303,ENSG00000160679
136,GDI2,0.08281069,ENSG00000057608
137,TAX1BP3,0.053948134,ENSG00000213977
138,CDH1,0.20447876,ENSG00000039068
139,SNX3,0.029360674,ENSG00000112335
140,REG1A,7.13258e-05,ENSG00000115386
141,SUMO1,0.019037347,ENSG00000116030
142,SGK3,0.15346946,ENSG00000104205
143,COL25A1,0.13307917,ENSG00000188517
144,CCNT2,0.056070644,ENSG00000082258
145,KCNK5,0.28245136,ENSG00000164626
146,SOS2,0.2556726,ENSG00000100485
147,GUCA2B,0.00096495386,ENSG00000044012
148,NDFIP1,0.090800405,ENSG00000131507
149,ACY3,0.0139144305,ENSG00000132744
150,CDC42,0.05996236,ENSG00000070831
151,CYP2C9,0.14547084,ENSG00000138109
152,GBP2,0.06762869999999999,ENSG00000162645
153,FMR1,0.05001738,ENSG00000102081
154,KRT19,0.01833294,ENSG00000171345
155,SLC9A1,0.10474220000000001,ENSG00000090020
156,C1orf115,0.0038735983000000003,ENSG00000162817
157,STXBP5,0.286384,ENSG00000164506
158,CYB5R4,0.043497965,ENSG00000065615
159,RPL30,0.00018655832999999998,ENSG00000156482
160,INPP5J,0.0054439562,ENSG00000185133
161,TATDN1,0.022509625,ENSG00000147687
162,ME2,0.027052449,ENSG00000082212
163,SLC35E2B,0.04757176,ENSG00000189339
164,HEXB,0.022366537000000002,ENSG00000049860
165,TAGLN2,0.018201096,ENSG00000158710
166,LETMD1,0.017521894,ENSG00000050426
167,TTC38,0.041257717,ENSG00000075234
168,TMOD3,0.13206846,ENSG00000138594
169,ZNF207,0.041298464,ENSG00000010244
170,VPS8,0.110828124,ENSG00000156931
171,TGOLN2,0.0043158727,ENSG00000152291
172,STRBP,0.21173625,ENSG00000165209
173,WWP1,0.11656169599999999,ENSG00000123124
174,HOTAIRM1,0.005920386999999999,ENSG00000233429
175,CMC1,0.11740472,ENSG00000187118
176,TMEM183A,0.004956286,ENSG00000163444
177,IDH1,0.029421512,ENSG00000138413
178,IL7R,0.0691773,ENSG00000168685
179,GNAS,0.07971907,ENSG00000087460
180,THNSL2,0.029985763,ENSG00000144115
181,LPGAT1,0.26021734,ENSG00000123684
182,SREK1IP1,0.028771547999999997,ENSG00000153006
183,MAPK3,0.012566037,ENSG00000102882
184,PTPN18,0.034123442999999996,ENSG00000072135
185,NFATC3,0.16613725,ENSG00000072736
186,GOSR2,0.10464438,ENSG00000108433
187,SERPINB6,0.036613017000000005,ENSG00000124570
188,F2RL1,0.11382867,ENSG00000164251
189,TMEM33,0.015553281,ENSG00000109133
190,MME,0.07467295,ENSG00000196549
191,PDLIM5,0.52166396,ENSG00000163110
192,CCNK,0.044869612999999996,ENSG00000090061
193,PANK1,0.11463050000000001,ENSG00000152782
194,LGALS3,0.23784314,ENSG00000131981
195,RAB11FIP4,0.0247044,ENSG00000131242
196,ANGPTL4,0.023586072000000003,ENSG00000167772
197,MPP1,0.088546254,ENSG00000130830
198,PON2,0.13469583,ENSG00000105854
199,HMGXB3,0.017433258,ENSG00000113716
200,SELENOP,0.022822341,ENSG00000250722
201,SIDT2,0.018463045,ENSG00000149577
202,LRRC8D,0.2563283,ENSG00000171492
203,TMEM135,0.3853406,ENSG00000166575
204,C11orf24,0.11681145,ENSG00000171067
205,DECR1,0.06786052,ENSG00000104325
206,SPINT1-AS1,0.025617644,ENSG00000261183
207,S100A10,0.01260402,ENSG00000197747
208,GTF2A1,0.098668694,ENSG00000165417
209,SULT1A4,0.053153664,ENSG00000213648
210,PIGN,0.06750364,ENSG00000197563
211,BIN3,0.046548694,ENSG00000147439
212,VMP1,0.11154282,ENSG00000062716
213,ECPAS,0.10541529,ENSG00000136813
214,ARPC1A,0.037354246,ENSG00000241685
215,SLC31A1,0.069383636,ENSG00000136868
216,HBEGF,0.13521473,ENSG00000113070
217,KIAA1109,0.16121164,ENSG00000138688
218,APOB,0.009093604,ENSG00000084674
219,PRRG4,0.034726776,ENSG00000135378
220,MGST1,0.02957418,ENSG00000008394
221,KITLG,0.033344433,ENSG00000049130
222,TPT1-AS1,0.09423295,ENSG00000170919
223,BDH2,0.0028149812,ENSG00000164039
224,NFE2L1,0.027242127999999997,ENSG00000082641
225,RAD23B,0.052763168,ENSG00000119318
226,VEGFA,0.02370995,ENSG00000112715
227,NABP1,0.023820288,ENSG00000173559
228,PCBP1-AS1,0.15870558,ENSG00000179818
229,GRAMD1B,0.3306328,ENSG00000023171
230,LYRM1,0.07267439,ENSG00000102897
231,FGGY,0.3965738,ENSG00000172456
232,KIAA1522,0.03310974,ENSG00000162522
233,USH1C,0.067703195,ENSG00000006611
234,SUPT5H,0.030779319,ENSG00000196235
235,GLS,0.25870585,ENSG00000115419
236,SPAG9,0.15788288,ENSG00000008294
237,KIFC3,0.19223465,ENSG00000140859
238,ATP6V1D,0.013688191,ENSG00000100554
239,MIGA1,0.038153276,ENSG00000180488
240,XPO1,0.025272693,ENSG00000082898
241,EBP,0.02829698,ENSG00000147155
242,AP3S2,0.07389536,ENSG00000157823
243,PPP2CB,0.12006357,ENSG00000104695
244,MAP3K4,0.10957795,ENSG00000085511
245,VNN1,0.14571884,ENSG00000112299
246,MANBAL,0.010892901000000002,ENSG00000101363
247,NOL4L,0.040016584,ENSG00000197183
248,SLC40A1,0.031245562999999997,ENSG00000138449
249,SLC35F5,0.07003907,ENSG00000115084
250,TSC22D1,0.09452001,ENSG00000102804
251,CHD4,0.021391181000000002,ENSG00000111642
252,ACADSB,0.041318845,ENSG00000196177
253,CD2AP,0.5289538,ENSG00000198087
254,MTCH1,0.020395517,ENSG00000137409
255,CLK4,0.024153706,ENSG00000113240
256,FAM172A,0.2745059,ENSG00000113391
257,SULT1B1,0.08844821,ENSG00000173597
258,B3GALT5,0.022269472000000002,ENSG00000183778
259,RBM33,0.11418686,ENSG00000184863
260,GGT1,0.031352382000000005,ENSG00000100031
261,SNHG12,0.0016954411999999999,ENSG00000197989
262,MDK,0.000665117,ENSG00000110492
263,VPS13D,0.16508494,ENSG00000048707
264,TSPAN15,0.04626307599999999,ENSG00000099282
265,EIF2AK1,0.012947601999999999,ENSG00000086232
266,PBLD,0.04454330000000001,ENSG00000108187
267,ACVR1C,0.036439642,ENSG00000123612
268,PDGFA,0.10524118,ENSG00000197461
269,CYP51A1,0.09598206,ENSG00000001630
270,GK5,0.019958353,ENSG00000175066
271,PARD6B,0.108504325,ENSG00000124171
272,BCL2L1,0.05224521,ENSG00000171552
273,CWC15,0.014996865,ENSG00000150316
274,YY1,0.05689851,ENSG00000100811
275,PLEC,0.0866097,ENSG00000178209
276,CMPK1,0.081045695,ENSG00000162368
277,PFKFB2,0.13517103,ENSG00000123836
278,REV1,0.091131434,ENSG00000135945
279,RGS11,0.0020924148,ENSG00000076344
280,CAST,0.1348488,ENSG00000153113
281,PIK3C2G,0.0727379,ENSG00000139144
282,WDR47,0.04036631,ENSG00000085433
283,HECTD1,0.16077264,ENSG00000092148
284,C11orf80,0.11603341,ENSG00000173715
285,DMAC2L,0.022258477000000002,ENSG00000125375
286,KIF1C,0.017111644,ENSG00000129250
287,SUCLG2,0.25072310000000003,ENSG00000172340
288,KATNA1,0.014788413,ENSG00000186625
289,CRYBG1,0.025419481,ENSG00000112297
290,NFIB,0.58314055,ENSG00000147862
291,DDX60L,0.17742848,ENSG00000181381
292,TMPRSS15,0.20419386,ENSG00000154646
293,UBE2V1,0.041566756,ENSG00000244687
294,GPD2,0.34889349999999997,ENSG00000115159
295,MAN2A1,0.35558265,ENSG00000112893
296,VAPB,0.01803754,ENSG00000124164
297,AQP10,0.01614823,ENSG00000143595
298,ST7L,0.046978723,ENSG00000007341
299,PBXIP1,0.0018315532000000002,ENSG00000163346
300,RNF19A,0.33824778,ENSG00000034677
301,KNL1,0.0104532465,ENSG00000137812
302,EIF3CL,0.004640799,ENSG00000205609
303,RPL26,0.00014971301,ENSG00000161970
304,NCOA6,0.06743279,ENSG00000198646
305,ALDH1A1,0.070545904,ENSG00000165092
306,TUBB2A,0.009332009,ENSG00000137267
307,PAK1,0.21887892,ENSG00000149269
308,APLP2,0.034964237,ENSG00000084234
309,HIP1R,0.0023461871,ENSG00000130787
310,TCF7L2,0.603585,ENSG00000148737
311,MGAT4A,0.17258073,ENSG00000071073
312,TMEM150B,0.1291585,ENSG00000180061
313,NR2F6,0.02611354,ENSG00000160113
314,BMP8B,0.04772065599999999,ENSG00000116985
315,LINC00278,0.59173673,ENSG00000231535
316,GPR107,0.043800913,ENSG00000148358
317,YAF2,0.09367186,ENSG00000015153
318,SORD,0.018378321,ENSG00000140263
319,LMBRD1,0.11387088,ENSG00000168216
320,SERBP1,0.029444533999999998,ENSG00000142864
321,TRIM25,0.02267068,ENSG00000121060
322,NPIPB4,0.20086496,ENSG00000185864
323,SRSF3,0.032972567,ENSG00000112081
324,MAEA,0.06026585,ENSG00000090316
325,SLC4A7,0.1767993,ENSG00000033867
326,POFUT1,0.04582657,ENSG00000101346
327,EFR3A,0.14070447,ENSG00000132294
328,LPIN2,0.28290623,ENSG00000101577
329,ARFGAP3,0.08442191,ENSG00000242247
330,HHLA2,0.50048006,ENSG00000114455
331,ENOX2,0.11286222,ENSG00000165675
332,STXBP2,0.017742364,ENSG00000076944
333,ZNF493,0.025904696,ENSG00000196268
334,GMDS-DT,0.29860187,ENSG00000250903
335,ENPEP,0.25619626,ENSG00000138792
336,PI4K2B,0.21624193,ENSG00000038210
337,SPATS2L,0.16053846,ENSG00000196141
338,ACOX1,0.11526497,ENSG00000161533
339,TOR1AIP2,0.05809630000000001,ENSG00000169905
340,APPL2,0.1327836,ENSG00000136044
341,TIPARP,0.23629446,ENSG00000163659
342,KLF6,0.010999266,ENSG00000067082
343,CEP170B,0.036370598,ENSG00000099814
344,COQ7,0.027159927,ENSG00000167186
345,ACSF3,0.05816297,ENSG00000176715
346,PDHX,0.054370996,ENSG00000110435
347,GAB2,0.08465125,ENSG00000033327
348,DYRK2,0.013110308000000001,ENSG00000127334
349,JARID2,0.23302007,ENSG00000008083
350,DICER1,0.05351713,ENSG00000100697
351,KLF2,0.0009847824000000002,ENSG00000127528
352,CCNG1,0.053937662000000004,ENSG00000113328
353,TNIP1,0.17203213,ENSG00000145901
354,YEATS2,0.033345003,ENSG00000163872
355,ASCC3,0.11128238,ENSG00000112249
356,PRCP,0.05970802,ENSG00000137509
357,REG4,0.008458138,ENSG00000134193
358,MAPKBP1,0.066491395,ENSG00000137802
359,CAT,0.02202963,ENSG00000121691
360,KIAA1958,0.10843038599999999,ENSG00000165185
361,NAMPT,0.5674736,ENSG00000105835
362,BIRC3,0.07550092,ENSG00000023445
363,RAVER2,0.13960963,ENSG00000162437
364,SPSB1,0.30564502,ENSG00000171621
365,PRKAG2,0.34012502,ENSG00000106617
366,BTNL3,0.17690562,ENSG00000168903
367,TLE3,0.037482474,ENSG00000140332
368,SQLE,0.03816863,ENSG00000104549
369,DDC,0.0030990064,ENSG00000132437
370,STIM2,0.11778491,ENSG00000109689
371,B4GALT5,0.15764788,ENSG00000158470
372,RTKN,0.026990755,ENSG00000114993
373,RALY,0.09359342,ENSG00000125970
374,CLIP1,0.08977134,ENSG00000130779
375,PPP2R2A,0.29519355,ENSG00000221914
376,ROCK2,0.15055993,ENSG00000134318
377,VAV2,0.34717336,ENSG00000160293
378,ERCC6L2,0.09339116,ENSG00000182150
379,C4orf19,0.12379745,ENSG00000154274
380,TNRC6B,0.30765444,ENSG00000100354
381,CDKL5,0.013298978000000001,ENSG00000008086
382,KIF5B,0.06571468,ENSG00000170759
383,ABL2,0.1367892,ENSG00000143322
384,CNIH1,0.00864609,ENSG00000100528
385,TFDP1,0.010264246999999999,ENSG00000198176
386,RNF34,0.04551468,ENSG00000170633
387,LINC02363,0.019173995,ENSG00000180712
388,HKDC1,0.14058433,ENSG00000156510
389,ZNF106,0.032661457000000005,ENSG00000103994
390,PITPNA,0.16798329999999997,ENSG00000174238
391,INO80C,0.088836275,ENSG00000153391
392,TNFSF10,0.048301153,ENSG00000121858
393,DCUN1D1,0.0313513,ENSG00000043093
394,LMBR1L,0.028192515,ENSG00000139636
395,USP33,0.08736639,ENSG00000077254
396,NUS1,0.009805325,ENSG00000153989
397,ZNF169,0.025348492,ENSG00000175787
398,PDZK1,0.082437724,ENSG00000174827
399,AACS,0.01330777,ENSG00000081760
400,OVOL2,0.03503192,ENSG00000125850
401,BDNF-AS,0.036815457,ENSG00000245573
402,NDUFV3,0.04135107,ENSG00000160194
403,SAE1,0.037421536,ENSG00000142230
404,GSTA1,0.0035665890000000002,ENSG00000243955
405,BAIAP2L2,0.053218648,ENSG00000128298
406,PTTG1IP,0.022784246,ENSG00000183255
407,TBX3,0.011332463999999999,ENSG00000135111
408,TMEM25,0.072998874,ENSG00000149582
409,CAND1,0.03248286,ENSG00000111530
410,HSPA9,0.03881645,ENSG00000113013
411,NQO1,0.037432547999999996,ENSG00000181019
412,FAM234A,0.05230226,ENSG00000167930
413,CXCR4,0.0027989408,ENSG00000121966
414,SOS1,0.38954067,ENSG00000115904
415,RIOK3,0.20090872,ENSG00000101782
416,NRBP1,0.013530196000000001,ENSG00000115216
417,COMMD10,0.2299446,ENSG00000145781
418,LPP,0.720825,ENSG00000145012
419,NCOA1,0.5303426,ENSG00000084676
420,CBWD3,0.20173955,ENSG00000196873
421,IDH3G,0.006744709000000001,ENSG00000067829
422,LIPA,0.09291878,ENSG00000107798
423,CYP4F3,0.020584935,ENSG00000186529
424,NCOR2,0.12048586,ENSG00000196498
425,CTNND1,0.31195486,ENSG00000198561
426,KLF9,0.07173335,ENSG00000119138
427,NPEPL1,0.01634644,ENSG00000215440
428,FUT2,0.018335508,ENSG00000176920
429,TREH,0.02574512,ENSG00000118094
430,PFKP,0.09346042,ENSG00000067057
431,ACAT1,0.02084293,ENSG00000075239
432,HIF1A,0.030196248,ENSG00000100644
433,GDA,0.67656183,ENSG00000119125
434,GCLM,0.04095511,ENSG00000023909
435,VAPA,0.11462747,ENSG00000101558
436,AKR1B10,0.030499784,ENSG00000198074
437,CAMK2D,0.44454740000000004,ENSG00000145349
438,EXOC6B,0.9749120000000001,ENSG00000144036
439,GK,0.27390304,ENSG00000198814
440,RTN3,0.043552473,ENSG00000133318
441,GNB1,0.14129736,ENSG00000078369
442,TM9SF3,0.10588566,ENSG00000077147
443,TM4SF4,0.08862034,ENSG00000169903
444,CISD1,0.03346685,ENSG00000122873
445,TVP23B,0.02657437,ENSG00000171928
446,TRPV3,0.02834232,ENSG00000167723
447,HERPUD1,0.00907533,ENSG00000051108
448,VPS13A,0.2951958,ENSG00000197969
449,UBE2L3,0.034350976,ENSG00000185651
450,PEX26,0.05771475,ENSG00000215193
451,SCAF4,0.09149277,ENSG00000156304
452,LCT,0.08432945,ENSG00000115850
453,DCAF7,0.028596943,ENSG00000136485
454,ARL5B,0.14534079,ENSG00000165997
455,USP42,0.053719885999999994,ENSG00000106346
456,ZBTB8OS,0.03652701,ENSG00000176261
457,MRPS28,0.058503325999999994,ENSG00000147586
458,PKIB,0.08143729,ENSG00000135549
459,SLC4A4,0.61479765,ENSG00000080493
460,PI4KB,0.05592091,ENSG00000143393
461,ARGLU1,0.0152533045,ENSG00000134884
462,SPTY2D1,0.03931168,ENSG00000179119
463,TEP1,0.028992133,ENSG00000129566
464,ITGA2,0.035129953,ENSG00000164171
465,EMB,0.120233245,ENSG00000170571
466,GOLGA4,0.38119587,ENSG00000144674
467,BTD,0.5779613,ENSG00000169814
468,TPM1,0.033453155,ENSG00000140416
469,ACADM,0.077243984,ENSG00000117054
470,GUCY2C,0.077242255,ENSG00000070019
471,FUT8,0.38997704,ENSG00000033170
472,XDH,0.16297133,ENSG00000158125
473,ZMYM2,0.20407471,ENSG00000121741
474,ABHD2,0.23641126,ENSG00000140526
475,TNFRSF11A,0.027293427000000002,ENSG00000141655
476,SLC17A5,0.04271055,ENSG00000119899
477,PTMA,0.0011827921,ENSG00000187514
478,ACSL3,0.11385286,ENSG00000123983
479,THSD4,1.8363578,ENSG00000187720
480,UFM1,0.015853355,ENSG00000120686
481,MFSD8,0.045915946,ENSG00000164073
482,HIP1,0.13686986,ENSG00000127946
483,C2orf88,0.021154564,ENSG00000187699
484,ABCD1,0.011490678999999998,ENSG00000101986
485,BCAR3,0.16102287,ENSG00000137936
486,CYP2C18,0.4553061,ENSG00000108242
487,PMP22,0.11307419,ENSG00000109099
488,TENT5A,0.03430457,ENSG00000112773
489,C6orf99,0.022248687000000003,ENSG00000203711
490,SHROOM3,0.58726895,ENSG00000138771
491,STX12,0.084245004,ENSG00000117758
492,TLCD4,0.025383133,ENSG00000152078
493,AAMDC,0.01071059,ENSG00000087884
494,PPA1,0.14967048,ENSG00000180817
495,MPP5,0.19832104,ENSG00000072415
496,WIPI2,0.011966793,ENSG00000157954
497,MEP1A,0.16549563,ENSG00000112818
498,GORASP2,0.026897706,ENSG00000115806
499,RP2,0.07008965,ENSG00000102218
500,ASH1L,0.15394249999999998,ENSG00000116539
501,WDTC1,0.011713408,ENSG00000142784
502,CEP128,0.14749297,ENSG00000100629
503,VTI1B,0.020824954,ENSG00000100568
504,CDC27,0.053688303,ENSG00000004897
505,DAP,0.12631129,ENSG00000112977
506,NPNT,0.35766575,ENSG00000168743
507,FBP1,0.040738076,ENSG00000165140
508,HOOK1,0.043720762999999996,ENSG00000134709
509,HNRNPF,0.21535468,ENSG00000169813
510,MGMT,0.057225715,ENSG00000170430
511,HMOX1,0.07691102,ENSG00000100292
512,ZDHHC14,0.31094158,ENSG00000175048
513,SYNJ1,0.030923164,ENSG00000159082
514,GSR,0.0386108,ENSG00000104687
515,ZNF451,0.02656373,ENSG00000112200
516,PATJ,0.35449108,ENSG00000132849
517,GNG12,0.24763629,ENSG00000172380
518,PQBP1,0.007111209,ENSG00000102103
519,EIF4H,0.022666382000000002,ENSG00000106682
520,ERGIC2,0.024227854,ENSG00000087502
521,CKAP5,0.02150112,ENSG00000175216
522,SH2D6,0.0033955573999999997,ENSG00000152292
523,MTHFR,0.023849675,ENSG00000177000
524,MUC12,0.043448403,ENSG00000205277
525,CCPG1,0.033385552,ENSG00000260916
526,CDC42BPB,0.07338011,ENSG00000198752
527,TRIM3,0.021382357999999997,ENSG00000110171
528,HDAC8,0.09312971,ENSG00000147099
529,KDM6A,0.34327498,ENSG00000147050
530,ACHE,0.10152965,ENSG00000087085
531,MTREX,0.24489124,ENSG00000039123
532,PAK2,0.11568961,ENSG00000180370
533,ATP11A,0.10712161,ENSG00000068650
534,GLO1,0.02930387,ENSG00000124767
535,SMIM31,0.08239756,ENSG00000248771
536,ETV3,0.035690397,ENSG00000117036
537,GRAMD2B,0.03239955,ENSG00000155324
538,USP34,0.21892536,ENSG00000115464
539,TCAF1,0.048193152999999996,ENSG00000198420
540,SENP7,0.13008934,ENSG00000138468
541,CAAP1,0.03000248,ENSG00000120159
542,CHMP2B,0.045776725,ENSG00000083937
543,FRK,0.14403316,ENSG00000111816
544,CACNA1A,0.06098327,ENSG00000141837
545,HSPD1,0.08198818,ENSG00000144381
546,MED13L,0.61696374,ENSG00000123066
547,RAB11FIP1,0.22847503,ENSG00000156675
548,PLS1,0.21545905,ENSG00000120756
549,PPP1CC,0.02655004,ENSG00000186298
550,TM2D1,0.04725328,ENSG00000162604
551,NEK7,0.28604415,ENSG00000151414
552,MTIF3,0.0462211,ENSG00000122033
553,SEPTIN11,0.051943034000000006,ENSG00000138758
554,BNIP5,0.19335274,ENSG00000189325
555,AHNAK,0.020088224,ENSG00000124942
556,SYMPK,0.01799593,ENSG00000125755
557,AKAP11,0.025063954,ENSG00000023516
558,DDHD2,0.010729141999999999,ENSG00000085788
559,PAFAH1B1,0.27436844,ENSG00000007168
560,MAP7,0.16386935,ENSG00000135525
561,SH3D19,0.35252962,ENSG00000109686
562,RCN2,0.011056175,ENSG00000117906
563,ELAVL1,0.011876051,ENSG00000066044
564,NDUFB6,0.0029981758000000003,ENSG00000165264
565,TRAFD1,0.02352331,ENSG00000135148
566,SUGT1,0.019462602,ENSG00000165416
567,SST,0.00024398419,ENSG00000157005
568,SDC4,0.040499166,ENSG00000124145
569,ENTPD7,0.17963125,ENSG00000198018
570,FAHD1,0.02261907,ENSG00000180185
571,DYNC1LI1,0.03501457,ENSG00000144635
572,GCNT1,0.19879603,ENSG00000187210
573,NDUFA5,0.012195321,ENSG00000128609
574,UBE2J1,0.029957477000000003,ENSG00000198833
575,MTMR12,0.09117385,ENSG00000150712
576,ADAR,0.01347355,ENSG00000160710
577,CSDE1,0.08983258,ENSG00000009307
578,NUFIP2,0.047054913,ENSG00000108256
579,GFPT1,0.07442226,ENSG00000198380
580,HSDL2,0.0075545395,ENSG00000119471
581,VPS41,0.18209893,ENSG00000006715
582,SMIM20,0.005143959,ENSG00000250317
583,TET2,0.20734249,ENSG00000168769
584,RAB18,0.046601772,ENSG00000099246
585,DLD,0.019357197,ENSG00000091140
586,PNP,0.017253796000000002,ENSG00000198805
587,PRPF4B,0.022124836000000002,ENSG00000112739
588,PLAC8,0.38192543,ENSG00000145287
589,PDE4DIP,0.09726683,ENSG00000178104
590,SEC16B,0.17729121,ENSG00000120341
591,ADGRG6,0.27924967,ENSG00000112414
592,TDP2,0.06675245,ENSG00000111802
593,DNAJA2,0.014258479,ENSG00000069345
594,MTHFS,0.044564273,ENSG00000136371
595,SLC28A1,0.16938403,ENSG00000156222
596,HMGCS2,0.011756691000000001,ENSG00000134240
597,VDAC3,0.013338761999999999,ENSG00000078668
598,UBR4,0.11336226,ENSG00000127481
599,LEMD3,0.12943874,ENSG00000174106
600,PACSIN2,0.07265307,ENSG00000100266
601,CKMT1B,0.004780095,ENSG00000237289
602,SNHG14,0.05123737,ENSG00000224078
603,INSIG1,0.070129216,ENSG00000186480
604,MSMO1,0.09828637,ENSG00000052802
605,NCL,0.010455478,ENSG00000115053
606,PATL1,0.04266133,ENSG00000166889
607,EIF4G1,0.012056619,ENSG00000114867
608,LINC02826,0.002271126,ENSG00000275212
609,NUP153,0.12242818,ENSG00000124789
610,MALRD1,0.7613774999999999,ENSG00000204740
611,PSMA6,0.049639712999999995,ENSG00000100902
612,TMEM161B-AS1,0.028212916,ENSG00000247828
613,NBPF1,0.05264348,ENSG00000219481
614,CKMT1A,0.013358539,ENSG00000223572
615,TLN1,0.04830883,ENSG00000137076
616,KLC4,0.029041216,ENSG00000137171
617,CTNNA1,0.33358788,ENSG00000044115
618,RNF141,0.09118961,ENSG00000110315
619,SLC19A1,0.13440239999999998,ENSG00000173638
620,DNHD1,0.05852944400000001,ENSG00000179532
621,IFRD1,0.14194824,ENSG00000006652
622,RASA1,0.052603588,ENSG00000145715
623,INPP1,0.021315686,ENSG00000151689
624,CHP1,0.06845439,ENSG00000187446
625,SYNE2,0.19937058,ENSG00000054654
626,HNMT,0.038292855,ENSG00000150540
627,TFCP2L1,0.061056722,ENSG00000115112
628,DENND5B,0.56028765,ENSG00000170456
629,HADHB,0.09268639,ENSG00000138029
630,COPS2,0.018928578,ENSG00000166200
631,PRELID3B,0.092189275,ENSG00000101166
632,YIPF6,0.013513623,ENSG00000181704
633,ENTPD6,0.023960762000000004,ENSG00000197586
634,PLXNB2,0.03716116,ENSG00000196576
635,DPP4,0.16192617,ENSG00000197635
636,DST,0.1783914,ENSG00000151914
637,INVS,0.21288738,ENSG00000119509
638,SEC31A,0.18664070000000002,ENSG00000138674
639,EIF4B,0.013091634,ENSG00000063046
640,PRRC2C,0.13779727,ENSG00000117523
641,EPS8,0.8214153000000001,ENSG00000151491
642,FCHO2,0.14376707,ENSG00000157107
643,TMEM219,0.028906553999999998,ENSG00000149932
644,ACE2,0.13494886,ENSG00000130234
645,KIAA2026,0.08667422,ENSG00000183354
646,SMG1,0.07831299,ENSG00000157106
647,GPRC5A,0.107352465,ENSG00000013588
648,ITCH,0.16483326,ENSG00000078747
649,TRHDE,0.089462265,ENSG00000072657
650,TAB3,0.033903683999999996,ENSG00000157625
651,XRN1,0.22057089,ENSG00000114127
652,SERINC1,0.050750832999999995,ENSG00000111897
653,PLCG2,0.2212723,ENSG00000197943
654,NAAA,0.06276761,ENSG00000138744
655,MIER1,0.15388063,ENSG00000198160
656,CSPP1,0.036785915,ENSG00000104218
657,NCOA7,0.21966083,ENSG00000111912
658,ELMOD2,0.019045368,ENSG00000179387
659,MATK,0.008166904000000001,ENSG00000007264
660,AGGF1,0.011213187,ENSG00000164252
661,OPHN1,0.08562933,ENSG00000079482
662,MLXIPL,0.029557128,ENSG00000009950
663,CLIC5,0.45651980000000003,ENSG00000112782
664,RBM5,0.01608569,ENSG00000003756
665,ARL8B,0.04985812,ENSG00000134108
666,ABCG2,0.24628538,ENSG00000118777
667,ERGIC1,0.11949912,ENSG00000113719
668,NELL2,0.13743216,ENSG00000184613
669,AFG3L2,0.053664699999999996,ENSG00000141385
670,SLC25A23,0.006285054599999999,ENSG00000125648
671,HIPK2,0.22918025,ENSG00000064393
672,CBWD5,0.34219173,ENSG00000147996
673,TNFAIP3,0.022447892999999997,ENSG00000118503
674,SLC30A10,0.17435905,ENSG00000196660
675,ZNF292,0.18854345,ENSG00000188994
676,POM121C,0.035052985,ENSG00000272391
677,PPP2R5D,0.01892627,ENSG00000112640
678,FNTA,0.039273723999999996,ENSG00000168522
679,SH3BGRL2,0.06554275,ENSG00000198478
680,HUWE1,0.16540176,ENSG00000086758
681,TSPYL2,0.004733103,ENSG00000184205
682,RBM10,0.015071557,ENSG00000182872
683,NUMA1,0.029237926,ENSG00000137497
684,SEC22B,0.10015618,ENSG00000265808
685,AP1B1,0.027628204,ENSG00000100280
686,USP40,0.06384117,ENSG00000085982
687,PNPLA8,0.08325353,ENSG00000135241
688,LHFPL2,0.22147495,ENSG00000145685
689,ABHD5,0.11812319,ENSG00000011198
690,ZHX3,0.07082632,ENSG00000174306
691,NCKAP1,0.15793328,ENSG00000061676
692,ATP8B2,0.09978299,ENSG00000143515
693,ASAH2,0.10068777,ENSG00000188611
694,GSKIP,0.04609048,ENSG00000100744
695,ASAH2B,0.034398288,ENSG00000204147
696,PTPN11,0.04424608,ENSG00000179295
697,EIF4EBP2,0.04784119,ENSG00000148730
698,INTS6,0.14990626,ENSG00000102786
699,LAMP1,0.0058026463,ENSG00000185896
700,GAB1,0.27222183,ENSG00000109458
701,AOPEP,0.25544697,ENSG00000148120
702,DLST,0.019425169,ENSG00000119689
703,TRPM5,0.010415466,ENSG00000070985
704,TTLL6,0.051109098,ENSG00000170703
705,MUC17,0.11846973,ENSG00000169876
706,MACF1,0.12779385,ENSG00000127603
707,UTRN,0.39453864,ENSG00000152818
708,ADAM10,0.12068952599999999,ENSG00000137845
709,RNPC3,0.031631086,ENSG00000185946
710,SSX2IP,0.11315205,ENSG00000117155
711,ENTPD5,0.03966528,ENSG00000187097
712,ICE2,0.054079268,ENSG00000128915
713,ZNF622,0.046210032000000005,ENSG00000173545
714,SUPT20H,0.11482701,ENSG00000102710
715,PGGT1B,0.07661903,ENSG00000164219
716,MSH3,0.30410588,ENSG00000113318
717,UGT2B7,0.03349907,ENSG00000171234
718,SLC46A3,0.03821644,ENSG00000139508
719,SRGN,0.07455701,ENSG00000122862
720,SLC20A2,0.27778295,ENSG00000168575
721,SAR1A,0.029508132000000003,ENSG00000079332
722,BCL11A,0.0024540431,ENSG00000119866
723,MRPS30,0.007144881999999999,ENSG00000112996
724,ABCD3,0.19233944,ENSG00000117528
725,ARMC8,0.04696997,ENSG00000114098
726,RNF38,0.20006634,ENSG00000137075
727,AFF1,0.277532,ENSG00000172493
728,SCARB1,0.06432873,ENSG00000073060
729,FARP2,0.024774361,ENSG00000006607
730,SH2D7,0.024451192000000004,ENSG00000183476
731,AP3D1,0.025176867999999998,ENSG00000065000
732,LINC02614,0.05895325,ENSG00000241288
733,GCNT3,0.10042942,ENSG00000140297
734,RAB17,0.07111288,ENSG00000124839
735,SIPA1L3,0.39796332,ENSG00000105738
736,PKP3,0.021566149,ENSG00000184363
737,CYP27A1,0.046439905,ENSG00000135929
738,PML,0.00937281,ENSG00000140464
739,TIAL1,0.027651275,ENSG00000151923
740,CERT1,0.14972445,ENSG00000113163
741,SFI1,0.03394977,ENSG00000198089
742,SPATA6,0.0900481,ENSG00000132122
743,LMO4,0.03598251,ENSG00000143013
744,DCAF6,0.16854306,ENSG00000143164
745,SLC3A2,0.01375909,ENSG00000168003
746,SLC3A1,0.11637344,ENSG00000138079
747,ZDHHC9,0.015316482,ENSG00000188706
748,GPAT3,0.094968386,ENSG00000138678
749,PGPEP1,0.029740935,ENSG00000130517
750,HNF4G,0.37860876,ENSG00000164749
751,LYPLAL1,0.11061679,ENSG00000143353
752,LUC7L3,0.014752504,ENSG00000108848
753,TLE4,0.07224472,ENSG00000106829
754,GTF2F2,0.0921373,ENSG00000188342
755,PLXDC2,0.6830364000000001,ENSG00000120594
756,RAB14,0.04241405400000001,ENSG00000119396
757,ABCG5,0.13780124,ENSG00000138075
758,MIGA2,0.024670506000000002,ENSG00000148343
759,ARMH3,0.17030947,ENSG00000120029
760,CLPTM1,0.015215794,ENSG00000104853
761,MAOA,0.12169874,ENSG00000189221
762,SCIN,0.13290320000000003,ENSG00000006747
763,FYB1,0.1666591,ENSG00000082074
764,NFKBIZ,0.059258714000000004,ENSG00000144802
765,TTC37,0.074136525,ENSG00000198677
766,MT1G,3.954823e-05,ENSG00000125144
767,CNOT6,0.05202448,ENSG00000113300
768,DEPDC7,0.114655174,ENSG00000121690
769,NCOA2,0.6125170999999999,ENSG00000140396
770,ECD,0.03613816,ENSG00000122882
771,DDAH1,0.024548032999999997,ENSG00000153904
772,VAMP3,0.009020025,ENSG00000049245
773,SMNDC1,0.006408756999999999,ENSG00000119953
774,RAP1A,0.17355151,ENSG00000116473
775,CNOT1,0.12633198,ENSG00000125107
776,AGMO,0.61534864,ENSG00000187546
777,HPGDS,0.058043700000000004,ENSG00000163106
778,ZDHHC6,0.019558307,ENSG00000023041
779,TRAF6,0.043304845999999994,ENSG00000175104
780,TAF11,0.023595335,ENSG00000064995
781,TNKS2,0.07490487,ENSG00000107854
782,DLEU2,0.06813961,ENSG00000231607
783,VPS35,0.04848189,ENSG00000069329
784,SPOP,0.083416305,ENSG00000121067
785,TOP2B,0.079411,ENSG00000077097
786,AGAP1,0.44619715,ENSG00000157985
787,BCO1,0.048026985999999994,ENSG00000135697
788,RANBP9,0.09565182,ENSG00000010017
789,STXBP6,0.23282811,ENSG00000168952
790,MACC1,0.32688737,ENSG00000183742
791,SMARCAD1,0.108348444,ENSG00000163104
792,SP1,0.10774342,ENSG00000185591
793,ABCG8,0.13884605,ENSG00000143921
794,APOO,2.506749,ENSG00000184831
795,SPRED2,0.12370896,ENSG00000198369
796,XKR9,0.61232984,ENSG00000221947
797,CRAT,0.026583687999999998,ENSG00000095321
798,CREBRF,0.0612683,ENSG00000164463
799,TENT2,0.26771805,ENSG00000164329
800,UHRF2,0.04592686,ENSG00000147854
801,APOOL,0.030710366,ENSG00000155008
802,ATG10,0.14366639,ENSG00000152348
803,CISD2,0.008883808,ENSG00000145354
804,FGD4,0.69421047,ENSG00000139132
805,RNF121,0.07709155,ENSG00000137522
806,IQGAP1,0.024749737,ENSG00000140575
807,TIMM23,0.036688282999999995,ENSG00000265354
808,MYO9B,0.10406297,ENSG00000099331
809,PPIL4,0.08409261,ENSG00000131013
810,CBWD2,0.15648139,ENSG00000136682
811,GATM,0.13854170000000002,ENSG00000171766
812,RFLNA,0.043811135,ENSG00000178882
813,GOLGA8B,0.023742246,ENSG00000215252
814,PIN4,0.015215616999999999,ENSG00000102309
815,TK2,0.05791282,ENSG00000166548
816,CREB3L2,0.115224205,ENSG00000182158
817,DGKQ,0.039039057,ENSG00000145214
818,LMF1,0.05434117,ENSG00000103227
819,BACH1,0.17046079,ENSG00000156273
820,ATP1B3,0.64720976,ENSG00000069849
821,CYP2J2,0.06053519,ENSG00000134716
822,SF3A2,0.01118636,ENSG00000104897
823,PGRMC1,0.0037005716,ENSG00000101856
824,IL13RA1,0.021371024,ENSG00000131724
825,ZNF148,0.16445485,ENSG00000163848
826,CCDC14,0.011324441000000001,ENSG00000175455
827,CHMP5,0.026360625,ENSG00000086065
828,UMAD1,0.26066557,ENSG00000219545
829,ZC3H7B,0.01078728,ENSG00000100403
830,CCDC47,0.037484996,ENSG00000108588
831,ERBIN,0.44467878,ENSG00000112851
832,CLTC,0.07106202,ENSG00000141367
833,GOLGA1,0.040856004,ENSG00000136935
834,JOSD1,0.036638774,ENSG00000100221
835,MEAK7,0.032493617,ENSG00000140950
836,SAFB,0.037813626,ENSG00000160633
837,IL18,0.094248,ENSG00000150782
838,CDR2L,0.046658758,ENSG00000109089
839,GPCPD1,0.1390057,ENSG00000125772
840,LGR4,0.12075254,ENSG00000205213
841,TRAM1,0.033929836,ENSG00000067167
842,APOL2,0.043788787,ENSG00000128335
843,ATXN2,0.0633791,ENSG00000204842
844,FOXO3,0.5072087000000001,ENSG00000118689
845,C18orf25,0.108210586,ENSG00000152242
846,WEE1,0.018836202,ENSG00000166483
847,TMEM167A,0.02550218,ENSG00000174695
848,TNPO1,0.07449507,ENSG00000083312
849,SREK1,0.030155974,ENSG00000153914
850,BEND7,0.080253385,ENSG00000165626
851,ERAP1,0.024481637,ENSG00000164307
852,FBXL12,0.029453637,ENSG00000127452
853,TECR,0.01022802,ENSG00000099797
854,AHI1,0.08775081,ENSG00000135541
855,LSM6,0.010175748,ENSG00000164167
856,RMDN1,0.015770119,ENSG00000176623
857,FLVCR1,0.18807669,ENSG00000162769
858,ITPRID1,0.24890663,ENSG00000180347
859,CD83,0.061754685,ENSG00000112149
860,MAN1A2,0.1609135,ENSG00000198162
861,MYSM1,0.04956624,ENSG00000162601
862,ABI3BP,0.012872906000000002,ENSG00000154175
863,GNA11,0.063445024,ENSG00000088256
864,DIP2A,0.047858857000000005,ENSG00000160305
865,PSMB2,0.027898392,ENSG00000126067
866,ERRFI1,0.46487278,ENSG00000116285
867,RPS6KA5,0.21887440000000002,ENSG00000100784
868,KDM6B,0.09807947,ENSG00000132510
869,FBXW11,0.15955351,ENSG00000072803
870,ATG4B,0.0129767405,ENSG00000168397
871,SAMD8,0.04245002,ENSG00000156671
872,INTS8,0.057934597000000004,ENSG00000164941
873,TONSL,0.04977008,ENSG00000160949
874,CLASP2,0.15141495,ENSG00000163539
875,LIPH,0.11176211400000001,ENSG00000163898
876,CIZ1,0.02139937,ENSG00000148337
877,IRF2,0.05672652,ENSG00000168310
878,SSUH2,0.10412593,ENSG00000125046
879,PHF2,0.045730833,ENSG00000197724
880,SCAMP5,0.09984645,ENSG00000198794
881,UIMC1,0.07772446400000001,ENSG00000087206
882,TSHZ1,0.05434858,ENSG00000179981
883,MFSD11,0.033250127000000004,ENSG00000092931
884,RNMT,0.019290900000000003,ENSG00000101654
885,RNF185,0.029049035,ENSG00000138942
886,UBR5,0.18712541,ENSG00000104517
887,ING1,0.011756204,ENSG00000153487
888,MED13,0.16949052,ENSG00000108510
889,ALPK1,0.10753779,ENSG00000073331
890,DHX30,0.021060487000000003,ENSG00000132153
891,TMEM117,1.0050765,ENSG00000139173
892,FRYL,0.22109939,ENSG00000075539
893,YTHDC2,0.059580434,ENSG00000047188
894,MRE11,0.027479367,ENSG00000020922
895,CHD9,0.09087587,ENSG00000177200
896,KIF21A,0.062213227,ENSG00000139116
897,ITPR2,0.11750998,ENSG00000123104
898,PEX2,0.032574188,ENSG00000164751
899,TRIM56,0.007262464000000001,ENSG00000169871
900,CXCL2,0.0027784234999999997,ENSG00000081041
901,CEP63,0.037901193,ENSG00000182923
902,VPS72,0.058505423,ENSG00000163159
903,CALCOCO2,0.025494238,ENSG00000136436
904,ZMPSTE24,0.009244246,ENSG00000084073
905,MAPKAP1,0.124620505,ENSG00000119487
906,AGO4,0.04843398,ENSG00000134698
907,MRPL37,0.0060417990000000005,ENSG00000116221
908,MAPK8,0.24008890000000002,ENSG00000107643
909,RNF168,0.045085315,ENSG00000163961
910,ZNF83,0.072438315,ENSG00000167766
911,ZFP91,0.05790351,ENSG00000186660
912,SUCO,0.21060757,ENSG00000094975
913,GKAP1,0.04775294,ENSG00000165113
914,PPARA,0.12722963,ENSG00000186951
915,B4GALNT4,0.009457489,ENSG00000182272
916,STAT5B,0.09114391,ENSG00000173757
917,MYO5B,0.27146757,ENSG00000167306
918,GPD1L,0.046478032999999995,ENSG00000152642
919,GTF3C3,0.07127842,ENSG00000119041
920,AFTPH,0.09815357,ENSG00000119844
921,FBXW7,0.23130086,ENSG00000109670
922,ITGB6,0.037971605,ENSG00000115221
923,SMC6,0.04958019,ENSG00000163029
924,COL16A1,0.047173772,ENSG00000084636
925,CCSER2,0.40490723,ENSG00000107771
926,SH3RF2,0.20991315,ENSG00000156463
927,CIITA,0.017119119,ENSG00000179583
928,RIPK1,0.13832662,ENSG00000137275
929,DNAJC3,0.10871831,ENSG00000102580
930,BROX,0.019770432,ENSG00000162819
931,SERPINB1,0.035971723,ENSG00000021355
932,ATN1,0.012628211,ENSG00000111676
933,SBF2,0.38922253,ENSG00000133812
934,STYX,0.016621338,ENSG00000198252
935,BIRC6,0.308323,ENSG00000115760
936,BRWD3,0.10435021,ENSG00000165288
937,MFSD14B,0.083836295,ENSG00000148110
938,TFG,0.24018846,ENSG00000114354
939,STX8,0.16178071,ENSG00000170310
940,ZFR,0.113797225,ENSG00000056097
941,GSDME,0.20936234,ENSG00000105928
942,ATG14,0.032024045,ENSG00000126775
943,DGAT2,0.019942285,ENSG00000062282
944,GXYLT1,0.03795715,ENSG00000151233
945,ACYP1,0.014285846000000001,ENSG00000119640
946,GPATCH2,0.1064968,ENSG00000092978
947,GSTO1,0.01076468,ENSG00000148834
948,TICAM1,0.20727018,ENSG00000127666
949,IL18R1,0.15612398,ENSG00000115604
950,GRB2,0.09605217,ENSG00000177885
951,BARD1,0.09851441,ENSG00000138376
952,RASAL2,0.2514328,ENSG00000075391
953,MAP3K1,0.08614752,ENSG00000095015
954,RC3H2,0.06358659,ENSG00000056586
955,CASP7,0.054172195,ENSG00000165806
956,OSGIN1,0.039675206,ENSG00000140961
957,ALMS1,0.11266032599999999,ENSG00000116127
958,IL7,0.17521852,ENSG00000104432
959,DHRS12,0.045495592,ENSG00000102796
960,SNX2,0.045052785,ENSG00000205302
961,USP45,0.038576387000000004,ENSG00000123552
962,EDEM1,0.04924154,ENSG00000134109
963,RAPH1,0.18968555,ENSG00000173166
964,MT1E,0.00029106583999999997,ENSG00000169715
965,FAM114A1,0.059639484000000006,ENSG00000197712
966,KIF2A,0.04671293,ENSG00000068796
967,FAM171A1,0.10370635,ENSG00000148468
968,ACBD5,0.018773283999999998,ENSG00000107897
969,MAL2,0.03472364,ENSG00000147676
970,GABRE,0.010868703,ENSG00000102287
971,SMAD1,0.025718533999999998,ENSG00000170365
972,NFX1,0.11768974,ENSG00000086102
973,BMP2,0.07477527,ENSG00000125845
974,LRATD1,0.019015977,ENSG00000162981
975,IL15,0.18807897,ENSG00000164136
976,PLGRKT,0.040579747,ENSG00000107020
977,MAP4K5,0.14112271,ENSG00000012983
978,SEPSECS,0.06976652,ENSG00000109618
979,LIPG,0.021235976,ENSG00000101670
980,DENND1B,0.40281433,ENSG00000213047
981,UBR1,0.08904134,ENSG00000159459
982,ASAP2,0.08657946,ENSG00000151693
983,UBE2K,0.2044759,ENSG00000078140
984,INAVA,0.109263994,ENSG00000163362
985,FBXL17,0.6580951,ENSG00000145743
986,CNKSR3,0.18478163,ENSG00000153721
987,PCNX1,0.2740787,ENSG00000100731
988,TENT4A,0.04869509,ENSG00000112941
989,ATP9A,0.13820218,ENSG00000054793
990,MINK1,0.06254699,ENSG00000141503
991,RFX7,0.18667722,ENSG00000181827
992,GTF3C1,0.02908591,ENSG00000077235
993,USP22,0.029214623999999998,ENSG00000124422
994,PTBP3,0.13017148,ENSG00000119314
995,GSN,0.02495662,ENSG00000148180
996,LY75,0.12649731,ENSG00000054219
997,PARP14,0.10785629,ENSG00000173193
998,TRMT1L,0.01964976,ENSG00000121486
999,PRXL2A,0.050547525,ENSG00000122378
1000,ZNF217,0.055262372000000004,ENSG00000171940
1001,ESCO1,0.062434502,ENSG00000141446
1002,GRK5,0.07438036,ENSG00000198873
1003,ZNF608,0.010444945,ENSG00000168916
1004,DTD1,0.11498358,ENSG00000125821
1005,OPTN,0.10355215,ENSG00000123240
1006,AUTS2,0.07975031,ENSG00000158321
1007,PXN,0.04424003,ENSG00000089159
1008,SIRPA,0.108639896,ENSG00000198053
1009,IST1,0.1098462,ENSG00000182149
1010,CA13,0.09382614,ENSG00000185015
1011,NUP155,0.03903266,ENSG00000113569
1012,TMX4,0.03540762,ENSG00000125827
1013,MBTPS1,0.02883742,ENSG00000140943
1014,FBXO21,0.03286071,ENSG00000135108
1015,PIK3C2A,0.13485396,ENSG00000011405
1016,ATP8B1,0.08533797,ENSG00000081923
1017,SYNCRIP,0.07745056,ENSG00000135316
1018,BRPF3,0.01428634,ENSG00000096070
1019,UCK2,0.05934555,ENSG00000143179
1020,CD6,0.002183997,ENSG00000013725
1021,SLC35A1,0.0732684,ENSG00000164414
1022,ALDH18A1,0.08500827,ENSG00000059573
1023,RND3,0.042160094,ENSG00000115963
1024,CDR2,0.18297458,ENSG00000140743
1025,SPTLC2,0.02538442,ENSG00000100596
1026,ZNF24,0.041273624,ENSG00000172466
1027,CEACAM20,0.31198000000000004,ENSG00000273777
1028,METTL25,0.07226847,ENSG00000127720
1029,CCL25,0.015407016,ENSG00000131142
1030,BMX,0.2040614,ENSG00000102010
1031,WDR20,0.123107016,ENSG00000140153
1032,PCMT1,0.03395192,ENSG00000120265
1033,PAWR,0.13786794,ENSG00000177425
1034,DAPK2,0.2967841,ENSG00000035664
1035,PAQR3,0.065489754,ENSG00000163291
1036,GATD3B,0.026357303999999998,ENSG00000280071
1037,APC,0.1677941,ENSG00000134982
1038,THRB,0.25668517,ENSG00000151090
1039,UNC93A,0.018158609,ENSG00000112494
1040,SEMA6D,0.15490088,ENSG00000137872
1041,SMAD5,0.035039738,ENSG00000113658
1042,EPAS1,0.18985508,ENSG00000116016
1043,DNAJB11,0.012330167,ENSG00000090520
1044,ANKRD40CL,0.004670073,ENSG00000167117
1045,RIPK2,0.04197317,ENSG00000104312
1046,NDUFS4,0.20572439,ENSG00000164258
1047,KCMF1,0.11378037,ENSG00000176407
1048,CD69,0.011645061000000002,ENSG00000110848
1049,ALG5,0.02480233,ENSG00000120697
1050,NLK,0.14761877,ENSG00000087095
1051,SLC25A33,0.026423516,ENSG00000171612
1052,ARHGAP26,0.34277236,ENSG00000145819
1053,CPXM2,0.048666593,ENSG00000121898
1054,ZKSCAN1,0.032152858,ENSG00000106261
1055,MIA3,0.03306074,ENSG00000154305
1056,EFCAB2,0.07359294,ENSG00000203666
1057,ZFYVE28,0.15613657,ENSG00000159733
1058,AHCTF1,0.04871218,ENSG00000153207
1059,ADORA2A-AS1,0.122460075,ENSG00000178803
1060,MPC2,0.0070095803,ENSG00000143158
1061,HIPK3,0.109989844,ENSG00000110422
1062,PRMT3,0.04662728,ENSG00000185238
1063,AIFM1,0.033007525,ENSG00000156709
1064,TNKS1BP1,0.028579379,ENSG00000149115
1065,DNMBP,0.12154883,ENSG00000107554
1066,CDK18,0.03695685,ENSG00000117266
1067,COQ9,0.008790556,ENSG00000088682
1068,ZNRF1,0.063192844,ENSG00000186187
1069,MDM4,0.052086297000000004,ENSG00000198625
1070,OSBPL9,0.20382985,ENSG00000117859
1071,HMGXB4,0.031366196,ENSG00000100281
1072,PSMF1,0.09625695,ENSG00000125818
1073,PDXP,0.031109696000000003,ENSG00000241360
1074,SRCAP,0.02347659,ENSG00000080603
1075,DPYD,0.6092978,ENSG00000188641
1076,AK9,0.031514167999999995,ENSG00000155085
1077,RRAGC,0.018804621,ENSG00000116954
1078,ZNF506,0.054616608,ENSG00000081665
1079,GATA5,0.054574024000000006,ENSG00000130700
1080,CMYA5,0.028646487999999998,ENSG00000164309
1081,AASS,0.03743866,ENSG00000008311
1082,CLOCK,0.06414057,ENSG00000134852
1083,AP3B1,0.13830148,ENSG00000132842
1084,TPM4,0.042226832,ENSG00000167460
1085,CDC73,0.14251138,ENSG00000134371
1086,SKIL,0.06798228,ENSG00000136603
1087,TMEM165,0.09569095,ENSG00000134851
1088,VKORC1L1,0.09216422,ENSG00000196715
1089,RAB6A,0.31415725,ENSG00000175582
1090,STRN,0.09434495,ENSG00000115808
1091,SREBF2,0.25954363,ENSG00000198911
1092,TINAG,0.09087223,ENSG00000137251
1093,SPINK4,0.0017087876999999998,ENSG00000122711
1094,SLC1A1,0.18468595,ENSG00000106688
1095,SGMS2,0.19563028,ENSG00000164023
1096,PLEK2,0.010741777,ENSG00000100558
1097,RCAN1,0.19771397,ENSG00000159200
1098,WDFY1,0.048564434000000004,ENSG00000085449
1099,RAB3GAP2,0.13207002,ENSG00000118873
1100,ZNF518A,0.11636339,ENSG00000177853
1101,SDS,0.030171141000000002,ENSG00000135094
1102,ARRB1,0.08438907,ENSG00000137486
1103,LRIG3,0.030317137,ENSG00000139263
1104,KLHL24,0.11144462,ENSG00000114796
1105,SETD1B,0.012381758,ENSG00000139718
1106,AMFR,0.10395857,ENSG00000159461
1107,KMT5B,0.10850112,ENSG00000110066
1108,RGPD6,0.061576486,ENSG00000183054
1109,SNX9,0.49497995,ENSG00000130340
1110,NUCKS1,0.024899986000000002,ENSG00000069275
1111,THRA,0.043315753,ENSG00000126351
1112,CHGB,0.024264242999999998,ENSG00000089199
1113,SOAT2,0.03781463,ENSG00000167780
1114,STX7,0.08314425,ENSG00000079950
1115,DIAPH2,0.502038,ENSG00000147202
1116,MS4A6A,0.005872642,ENSG00000110077
1117,FAM135A,0.38939703,ENSG00000082269
1118,ACSS1,0.067929,ENSG00000154930
1119,SENP6,0.16445789,ENSG00000112701
1120,PIKFYVE,0.07730557,ENSG00000115020
1121,RAB3GAP1,0.10669986,ENSG00000115839
1122,GLCE,0.18563269,ENSG00000138604
1123,FBRSL1,0.034971762,ENSG00000112787
1124,MBD3,0.010213953000000001,ENSG00000071655
1125,ACAD11,0.1298845,ENSG00000240303
1126,SPIN1,0.116726585,ENSG00000106723
1127,EXT1,1.1507962,ENSG00000182197
1128,USP28,0.04463525,ENSG00000048028
1129,SATB2,0.09585139999999999,ENSG00000119042
1130,TAF2,0.10343508400000001,ENSG00000064313
1131,CEBPG,0.051328365,ENSG00000153879
1132,ARHGAP8,0.0015420073,ENSG00000241484
1133,ACYP2,0.1522406,ENSG00000170634
1134,ARHGAP5,0.27244523,ENSG00000100852
1135,SEC23A,0.15330724,ENSG00000100934
1136,KMT2D,0.010992305,ENSG00000167548
1137,FBXO38,0.09859336,ENSG00000145868
1138,CTSE,0.023426252999999998,ENSG00000196188
1139,KIF3B,0.07879928,ENSG00000101350
1140,SLC52A1,0.05277081,ENSG00000132517
1141,ARID2,0.18254726,ENSG00000189079
1142,PHF12,0.023834214,ENSG00000109118
1143,PAQR7,0.013745427,ENSG00000182749
1144,ARHGAP32,0.4612117,ENSG00000134909
1145,GCNT4,0.06819728,ENSG00000176928
1146,SRRM1,0.06805483,ENSG00000133226
1147,ARCN1,0.04160986,ENSG00000095139
1148,STAT2,0.016668307,ENSG00000170581
1149,AAK1,0.14228036,ENSG00000115977
1150,TMEM131,0.24476548,ENSG00000075568
1151,CNIH4,0.015775142,ENSG00000143771
1152,RGPD8,0.060727347,ENSG00000169629
1153,OPA1,0.10488993,ENSG00000198836
1154,ACLY,0.059754837000000005,ENSG00000131473
1155,HMGCR,0.06415139,ENSG00000113161
1156,B3GNT2,0.062934004,ENSG00000170340
1157,ABCB9,0.040251106,ENSG00000150967
1158,ZNF335,0.018796563,ENSG00000198026
1159,SLC26A2,0.00875527,ENSG00000155850
1160,KLHL7,0.09122252,ENSG00000122550
1161,SLC7A8,0.01901509,ENSG00000092068
1162,ZFHX3,0.16297548,ENSG00000140836
1163,SLC37A3,0.045907800000000006,ENSG00000157800
1164,SMIM14,0.049017075,ENSG00000163683
1165,TOMM70,0.009881003000000001,ENSG00000154174
1166,STX16,0.03827326,ENSG00000124222
1167,CARD10,0.05418135,ENSG00000100065
1168,CTNNBL1,0.059467606,ENSG00000132792
1169,PER1,0.08178672,ENSG00000179094
1170,TP53BP1,0.036269676,ENSG00000067369
1171,THADA,0.16343594,ENSG00000115970
1172,RER1,0.009486932,ENSG00000157916
1173,ZBTB38,0.061707307,ENSG00000177311
1174,TMEM236,0.13298771,ENSG00000148483
1175,SMARCA4,0.03073915,ENSG00000127616
1176,ANKRD12,0.21844465,ENSG00000101745
1177,PTK2,0.39780897,ENSG00000169398
1178,SLC2A12,0.09635457,ENSG00000146411
1179,WDR70,0.21911757,ENSG00000082068
1180,SLC35D1,0.1107806,ENSG00000116704
1181,MAP2K5,0.22484316,ENSG00000137764
1182,SPATS2,0.09999543,ENSG00000123352
1183,SMPD3,0.25023872,ENSG00000103056
1184,APPL1,0.024279552000000003,ENSG00000157500
1185,AMBRA1,0.24824323,ENSG00000110497
1186,CASP8,0.0021929657,ENSG00000064012
1187,KAT2B,0.10951033,ENSG00000114166
1188,LINC00886,0.14929375,ENSG00000240875
1189,CPQ,0.21276669,ENSG00000104324
1190,TBC1D8,0.26739174,ENSG00000204634
1191,ERCC6,0.09286248,ENSG00000225830
1192,TAB2,0.15092765,ENSG00000055208
1193,RALA,0.13673106,ENSG00000006451
1194,IGSF3,0.07598248,ENSG00000143061
1195,PRKG2,0.21107225,ENSG00000138669
1196,MLN,0.012787544,ENSG00000096395
1197,RFX3,0.23015179,ENSG00000080298
1198,RAPGEF1,0.2878148,ENSG00000107263
1199,CTBS,0.021279222999999996,ENSG00000117151
1200,GNAI3,0.087923154,ENSG00000065135
1201,PIK3R5,0.014563446,ENSG00000141506
1202,TBC1D9,0.07524617,ENSG00000109436
1203,KIAA0232,0.10794324,ENSG00000170871
1204,SNX8,0.051866885,ENSG00000106266
1205,TMEM63B,0.015889682,ENSG00000137216
1206,SAV1,0.026855962,ENSG00000151748
1207,GPR137B,0.11789377,ENSG00000077585
1208,MIB1,0.08197962,ENSG00000101752
1209,ZNF875,0.042903032,ENSG00000181666
1210,BAG3,0.031762,ENSG00000151929
1211,MPZL1,0.08492256,ENSG00000197965
1212,BNIP3L,0.035524063,ENSG00000104765
1213,ATG3,0.017310073999999998,ENSG00000144848
1214,LITAF,0.2551639,ENSG00000189067
1215,PPP4R1,0.20952569,ENSG00000154845
1216,PRR15L,0.027349235,ENSG00000167183
1217,SOX6,0.8291815,ENSG00000110693
1218,WRN,0.014322858999999999,ENSG00000165392
1219,KDM1B,0.02379659,ENSG00000165097
1220,LCN15,0.0036290968,ENSG00000177984
1221,CASP3,0.03310659,ENSG00000164305
1222,MYO1C,0.039668597,ENSG00000197879
1223,ANKMY2,0.043657800000000004,ENSG00000106524
1224,TRIOBP,0.017990353,ENSG00000100106
1225,ENC1,0.0035897659000000003,ENSG00000171617
1226,WASHC4,0.07823833,ENSG00000136051
1227,ONECUT2,0.05066872,ENSG00000119547
1228,RPRD1B,0.07737132,ENSG00000101413
1229,ITPRID2,0.052336402000000004,ENSG00000138434
1230,LGMN,0.10488596,ENSG00000100600
1231,PAG1,0.17544751,ENSG00000076641
1232,ASCC1,0.046416998,ENSG00000138303
1233,HACE1,0.065844044,ENSG00000085382
1234,CENPC,0.092206314,ENSG00000145241
1235,TRIM44,0.099578165,ENSG00000166326
1236,ZC3H13,0.043673754,ENSG00000123200
1237,ARL5A,0.04682613,ENSG00000162980
1238,ZNF429,0.038931623,ENSG00000197013
1239,NPC1,0.06264514,ENSG00000141458
1240,MFSD4B,0.03374476,ENSG00000173214
1241,PHF10,0.037596702999999995,ENSG00000130024
1242,PEF1,0.011538931,ENSG00000162517
1243,ANKS1A,0.12070645,ENSG00000064999
1244,SEMA6A,0.2997118,ENSG00000092421
1245,OTUD3,0.0324086,ENSG00000169914
1246,HEXD,0.032092288,ENSG00000169660
1247,GIP,0.000101239595,ENSG00000159224
1248,TAF1,0.048307918,ENSG00000147133
1249,RAB5B,0.039727083999999996,ENSG00000111540
1250,SEC24A,0.09217099,ENSG00000113615
1251,CREB1,0.07730587,ENSG00000118260
1252,ADAM17,0.05544045,ENSG00000151694
1253,PAM,0.29163304,ENSG00000145730
1254,CASK,0.29424098,ENSG00000147044
1255,KDM2A,0.14438674,ENSG00000173120
1256,ANKAR,0.058351424000000006,ENSG00000151687
1257,KBTBD2,0.056251485,ENSG00000170852
1258,EDN2,0.009452303,ENSG00000127129
1259,UBA3,0.034823716,ENSG00000144744
1260,REST,0.017838651,ENSG00000084093
1261,WDR45B,0.0056924927,ENSG00000141580
1262,TRANK1,0.101091124,ENSG00000168016
1263,FOXA3,0.025426052999999997,ENSG00000170608
1264,TRIP12,0.24747370000000002,ENSG00000153827
1265,TUBAL3,0.032093447000000004,ENSG00000178462
1266,ACOT11,0.10253066599999999,ENSG00000162390
1267,CCZ1B,0.023349842000000003,ENSG00000146574
1268,RELCH,0.1711416,ENSG00000134444
1269,MFN1,0.032313585,ENSG00000171109
1270,DDX46,0.035906985,ENSG00000145833
1271,KCNK10,0.026506701,ENSG00000100433
1272,GSK3B,0.32413247,ENSG00000082701
1273,TMEM161B,0.14345159,ENSG00000164180
1274,DAB1,0.54183793,ENSG00000173406
1275,PARP11,0.06909267599999999,ENSG00000111224
1276,C9orf72,0.08885399,ENSG00000147894
1277,PER3,0.04639004,ENSG00000049246
1278,CDCP1,0.19906017,ENSG00000163814
1279,PROX1,0.008513373000000001,ENSG00000117707
1280,PEX14,0.21889004,ENSG00000142655
1281,MX2,0.048925377,ENSG00000183486
1282,SLC9A8,0.08702533,ENSG00000197818
1283,ZDHHC21,0.17701960000000003,ENSG00000175893
1284,LINC01184,0.05228138,ENSG00000245937
1285,TRIP11,0.18751521,ENSG00000100815
1286,FAM199X,0.020190677,ENSG00000123575
1287,ASAH1,0.03774196,ENSG00000104763
1288,STARD4,0.034901312999999996,ENSG00000164211
1289,VWA5A,0.009970878,ENSG00000110002
1290,MINPP1,0.049747247,ENSG00000107789
1291,ELL2,0.8070364999999999,ENSG00000118985
1292,GPN2,0.012235738000000001,ENSG00000142751
1293,PDE5A,0.20732588,ENSG00000138735
1294,IL2RA,0.017462011,ENSG00000134460
1295,PLEKHH1,0.035174477999999995,ENSG00000054690
1296,HEXA,0.016404646999999998,ENSG00000213614
1297,SELENOI,0.150228,ENSG00000138018
1298,CDHR3,0.34574372,ENSG00000128536
1299,OLFM4,0.0029680071999999996,ENSG00000102837
1300,TMEM220-AS1,0.23036447,ENSG00000263400
1301,SIRT1,0.028413776,ENSG00000096717
1302,SAP30BP,0.04438356,ENSG00000161526
1303,YES1,0.16828118,ENSG00000176105
1304,EPB41L1,0.013367628000000001,ENSG00000088367
1305,DNAJB14,0.046825767000000004,ENSG00000164031
1306,ZNF652,0.04774371,ENSG00000198740
1307,KPNB1,0.038637955,ENSG00000108424
1308,FAM160A1,0.48517004,ENSG00000164142
1309,SACM1L,0.05353848,ENSG00000211456
1310,MED30,0.026426967000000003,ENSG00000164758
1311,RIMKLB,0.09257656,ENSG00000166532
1312,CPD,0.14644672,ENSG00000108582
1313,CBR4,0.068797275,ENSG00000145439
1314,MAFK,0.05890829,ENSG00000198517
1315,TMEM30A,0.016464936,ENSG00000112697
1316,RAI14,0.04227308,ENSG00000039560
1317,CYB5R3,0.020647787,ENSG00000100243
1318,CGNL1,0.08083952,ENSG00000128849
1319,CYTH1,0.49451092,ENSG00000108669
1320,TMCC3,0.33337823,ENSG00000057704
1321,RAB27B,0.011669768,ENSG00000041353
1322,CCT3,0.0053973016,ENSG00000163468
1323,NT5DC1,0.12908915,ENSG00000178425
1324,SARNP,0.053656746,ENSG00000205323
1325,DEPTOR,0.080101855,ENSG00000155792
1326,ALOX12-AS1,0.020370843,ENSG00000215067
1327,MAPKAPK5,0.017664853,ENSG00000089022
1328,FAM126B,0.13819438,ENSG00000155744
1329,SCAPER,0.24333966,ENSG00000140386
1330,LMTK2,0.25594053,ENSG00000164715
1331,CPEB4,0.23898661,ENSG00000113742
1332,EPN2,0.04552406,ENSG00000072134
1333,TMCC1,0.21142270000000002,ENSG00000172765
1334,XIAP,0.07724221,ENSG00000101966
1335,STT3B,0.094419345,ENSG00000163527
1336,UBALD2,0.069492415,ENSG00000185262
1337,MAP3K21,0.04707251,ENSG00000143674
1338,RIC8B,0.05885567,ENSG00000111785
1339,NCBP1,0.038702276,ENSG00000136937
1340,PIK3CG,0.040898718,ENSG00000105851
1341,PURA,0.018127836,ENSG00000185129
1342,GALNT7,0.19892903,ENSG00000109586
1343,ARNT,0.030159877999999998,ENSG00000143437
1344,CDC5L,0.043332922999999995,ENSG00000096401
1345,ERO1B,0.057989668,ENSG00000086619
1346,TLDC2,0.021738049,ENSG00000101342
1347,CCM2,0.043870784,ENSG00000136280
1348,SNX14,0.117080346,ENSG00000135317
1349,SSR1,0.0100345,ENSG00000124783
1350,CHMP3,0.08044443,ENSG00000115561
1351,TPRKB,0.009113033000000001,ENSG00000144034
1352,ZFP36L2,0.0008902662699999999,ENSG00000152518
1353,PHF3,0.10480983,ENSG00000118482
1354,SMG7,0.14111027,ENSG00000116698
1355,TRAPPC8,0.12842692,ENSG00000153339
1356,CATSPERG,0.046853382,ENSG00000099338
1357,PRELID2,0.3167684,ENSG00000186314
1358,TEF,0.037135313999999996,ENSG00000167074
1359,ROR1,0.5382249,ENSG00000185483
1360,URGCP,0.10936393,ENSG00000106608
1361,TFPI,0.023892375,ENSG00000003436
1362,MYCBP2,0.10163474,ENSG00000005810
1363,NSD2,0.07949719599999999,ENSG00000109685
1364,FAT3,0.094871156,ENSG00000165323
1365,TRAPPC9,0.24750924,ENSG00000167632
1366,MEIS2,0.20053239,ENSG00000134138
1367,TBC1D23,0.086184934,ENSG00000036054
1368,EXOC3,0.016261143999999998,ENSG00000180104
1369,SLC9A2,0.076276205,ENSG00000115616
1370,PHACTR2,0.26487935,ENSG00000112419
1371,KIZ,0.042905252000000005,ENSG00000088970
1372,ARFIP2,0.0024098896,ENSG00000132254
1373,ACVR1B,0.08667416,ENSG00000135503
1374,COP1,0.32690638,ENSG00000143207
1375,GOLGA5,0.027804377999999998,ENSG00000066455
1376,ADTRP,0.09831459,ENSG00000111863
1377,ADGRE5,0.083957285,ENSG00000123146
1378,MOB1A,0.013151543,ENSG00000114978
1379,GOLPH3L,0.042242475,ENSG00000143457
1380,MTMR2,0.007690413,ENSG00000087053
1381,MRTFB,0.13009544,ENSG00000186260
1382,ZNF700,0.017022721,ENSG00000196757
1383,SOD2,0.062134262,ENSG00000112096
1384,FRS2,0.12079019,ENSG00000166225
1385,STX3,0.09840398,ENSG00000166900
1386,NEO1,0.39148590000000005,ENSG00000067141
1387,NSDHL,0.020240262,ENSG00000147383
1388,RMND5A,0.07690458,ENSG00000153561
1389,AP1AR,0.09575181,ENSG00000138660
1390,ZFY,0.03720998,ENSG00000067646
1391,SLC25A46,0.023932647,ENSG00000164209
1392,GPR89B,0.22562103,ENSG00000188092
1393,SLC38A9,0.051701835999999994,ENSG00000177058
1394,ZMYND8,0.1326134,ENSG00000101040
1395,ZSWIM5,0.23495741,ENSG00000162415
1396,USP15,0.2250143,ENSG00000135655
1397,SH3YL1,0.037251722,ENSG00000035115
1398,KLHL2,0.044940416,ENSG00000109466
1399,ITGA1,0.013372251000000002,ENSG00000213949
1400,ZER1,0.078507096,ENSG00000160445
1401,PLCXD2,0.055546217,ENSG00000240891
1402,PCNT,0.028659485,ENSG00000160299
1403,PTPN3,0.05165862,ENSG00000070159
1404,CBR3-AS1,0.13184445,ENSG00000236830
1405,FBXO46,0.08074575,ENSG00000177051
1406,LINC01725,0.04113798,ENSG00000233008
1407,PLSCR1,0.09711405,ENSG00000188313
1408,TANC2,0.024284326000000002,ENSG00000170921
1409,IWS1,0.02951547,ENSG00000163166
1410,XYLB,0.05785733,ENSG00000093217
1411,CDK5RAP2,0.06298382599999999,ENSG00000136861
1412,CHM,0.04171714,ENSG00000188419
1413,MTG1,0.011682646999999999,ENSG00000148824
1414,PREPL,0.05179734,ENSG00000138078
1415,ANKRD36C,0.165157,ENSG00000174501
1416,MAP3K2,0.044789854000000004,ENSG00000169967
1417,IYD,0.015385121000000002,ENSG00000009765
1418,BRD7,0.047062162000000005,ENSG00000166164
1419,TRPM6,0.16358937,ENSG00000119121
1420,DOCK5,0.38038552,ENSG00000147459
1421,PIP4K2A,0.008189769,ENSG00000150867
1422,USP7,0.020190503000000002,ENSG00000187555
1423,PDCD6IP,0.10484063,ENSG00000170248
1424,CACNB2,0.04555821400000001,ENSG00000165995
1425,CXCL16,0.003773098,ENSG00000161921
1426,TNRC18,0.083083324,ENSG00000182095
1427,RNF157,0.12189124,ENSG00000141576
1428,PALLD,0.20088810000000001,ENSG00000129116
1429,RUFY2,0.05464582,ENSG00000204130
1430,CDC42EP4,0.035390195,ENSG00000179604
1431,AEBP2,0.099200636,ENSG00000139154
1432,PPARG,0.40596682,ENSG00000132170
1433,PRKAB2,0.03766358,ENSG00000131791
1434,VPS37A,0.04746771599999999,ENSG00000155975
1435,CYP4F12,0.070765406,ENSG00000186204
1436,MYEOV,0.0758106,ENSG00000172927
1437,DAG1,0.021351999,ENSG00000173402
1438,AGAP4,0.042962763,ENSG00000188234
1439,FOXN3,0.5058159999999999,ENSG00000053254
1440,TDRD7,0.057277765,ENSG00000196116
1441,E2F3,0.04332211,ENSG00000112242
1442,PCSK2,0.108963884,ENSG00000125851
1443,VTI1A,0.40454742,ENSG00000151532
1444,PDS5A,0.120066054,ENSG00000121892
1445,TCF12,0.61202925,ENSG00000140262
1446,NSL1,0.07386966,ENSG00000117697
1447,MED17,0.012421458,ENSG00000042429
1448,C4orf33,0.041664515,ENSG00000151470
1449,RRAGB,0.039442215,ENSG00000083750
1450,CLCA1,0.03391627,ENSG00000016490
1451,MRO,0.04070225,ENSG00000134042
1452,LCORL,0.31997207,ENSG00000178177
1453,ERMP1,0.06890391,ENSG00000099219
1454,FAF2,0.054984000000000005,ENSG00000113194
1455,TTC39C,0.0005941821,ENSG00000168234
1456,PLA2G4C,0.09826587,ENSG00000105499
1457,GRAMD1C,0.12880684,ENSG00000178075
1458,TEAD1,0.07974162,ENSG00000187079
1459,MTERF1,0.038083162000000004,ENSG00000127989
1460,HELZ,0.12626573,ENSG00000198265
1461,TSGA10,0.030478757000000002,ENSG00000135951
1462,LTA4H,0.009372533,ENSG00000111144
1463,N4BP2L1,0.045119807000000005,ENSG00000139597
1464,UACA,0.18787993,ENSG00000137831
1465,KLHL13,0.11606813,ENSG00000003096
1466,SH3PXD2A,0.21484740000000002,ENSG00000107957
1467,PAPSS2,0.16864166,ENSG00000198682
1468,MAP2K4,0.18958089,ENSG00000065559
1469,STXBP4,0.06375972,ENSG00000166263
1470,PPWD1,0.03455519,ENSG00000113593
1471,PGAP1,0.07719087599999999,ENSG00000197121
1472,FMO4,0.029419097999999998,ENSG00000076258
1473,CPSF6,0.10117462,ENSG00000111605
1474,VPS37C,0.02477702,ENSG00000167987
1475,STXBP3,0.063994855,ENSG00000116266
1476,CLCN6,0.024325157000000003,ENSG00000011021
1477,EPPK1,0.036582105,ENSG00000261150
1478,ZNF507,0.017909346,ENSG00000168813
1479,USP54,0.11691541,ENSG00000166348
1480,VAV1,0.0062318305000000004,ENSG00000141968
1481,WASHC3,0.068038575,ENSG00000120860
1482,BTBD10,0.06472394,ENSG00000148925
1483,DHFR,0.16468532,ENSG00000228716
1484,TNFRSF1B,0.07890196,ENSG00000028137
1485,DIPK2A,0.022003325,ENSG00000181744
1486,MAPKAPK2,0.06912771,ENSG00000162889
1487,C1orf21,0.17345026,ENSG00000116667
1488,EP400,0.05354378,ENSG00000183495
1489,RANBP2,0.02832574,ENSG00000153201
1490,RTCA,0.061296273,ENSG00000137996
1491,DCLRE1C,0.027569897000000003,ENSG00000152457
1492,OSBPL3,0.21534389999999998,ENSG00000070882
1493,CD302,0.051536884000000005,ENSG00000241399
1494,LSG1,0.009355422,ENSG00000041802
1495,BMP2K,0.3715191,ENSG00000138756
1496,IGSF9,0.040669817000000004,ENSG00000085552
1497,PBX1,0.66963065,ENSG00000185630
1498,GNAQ,0.4602111,ENSG00000156052
1499,PPP3CC,0.059098000000000005,ENSG00000120910
1500,CDKN2B-AS1,0.42844966,ENSG00000240498
1501,SHPRH,0.06737076,ENSG00000146414
1502,PPIP5K2,0.12284318,ENSG00000145725
1503,SPECC1,0.020352576,ENSG00000128487
1504,PHYHIP,0.040226872999999996,ENSG00000168490
1505,LYZ,0.0016852917999999998,ENSG00000090382
1506,FAM162A,0.014288198,ENSG00000114023
1507,FTX,0.44902137,ENSG00000230590
1508,SNX30,0.07223582,ENSG00000148158
1509,NSD3,0.07868155,ENSG00000147548
1510,MAP3K20,0.039264112999999996,ENSG00000091436
1511,RNF24,0.30227529999999997,ENSG00000101236
1512,PKD2,0.04264121,ENSG00000118762
1513,FANCC,0.084845394,ENSG00000158169
1514,DENND4C,0.15204637,ENSG00000137145
1515,UBE3C,0.09197826,ENSG00000009335
1516,LINC02362,0.022220306000000002,ENSG00000249096
1517,ADGRG4,0.0923107,ENSG00000156920
1518,SMG6,0.19919339,ENSG00000070366
1519,MBNL3,0.09115864,ENSG00000076770
1520,ADA2,0.0012795144,ENSG00000093072
1521,JAML,0.0018990809,ENSG00000160593
1522,TTBK1,0.031463016,ENSG00000146216
1523,HECA,0.03900642,ENSG00000112406
1524,RAPGEF2,0.40250838,ENSG00000109756
1525,ALS2CL,0.023700607999999998,ENSG00000178038
1526,TPK1,0.49530100000000005,ENSG00000196511
1527,MOB4,0.059639454,ENSG00000115540
1528,PLAGL1,0.071504675,ENSG00000118495
1529,NUP58,0.08363032,ENSG00000139496
1530,AGTPBP1,0.16953823,ENSG00000135049
1531,P4HA1,0.03230145,ENSG00000122884
1532,UPF2,0.09268231,ENSG00000151461
1533,FZD6,0.050092567000000005,ENSG00000164930
1534,EHF,0.09789292,ENSG00000135373
1535,PARVA,0.090587385,ENSG00000197702
1536,HIBCH,0.108216085,ENSG00000198130
1537,SLC35E2A,0.016904922,ENSG00000215790
1538,FOXO1,0.47431576,ENSG00000150907
1539,CFTR,0.88161033,ENSG00000001626
1540,POF1B,0.22293639,ENSG00000124429
1541,ELOVL7,0.30922392,ENSG00000164181
1542,PHKA2,0.014403298500000002,ENSG00000044446
1543,EHHADH,0.0276111,ENSG00000113790
1544,AP3M1,0.018401055,ENSG00000185009
1545,ARHGEF11,0.18657145,ENSG00000132694
1546,NSRP1,0.13893099,ENSG00000126653
1547,TTC39B,0.09644968,ENSG00000155158
1548,TRIM66,0.0445151,ENSG00000166436
1549,IL22RA1,0.046770856,ENSG00000142677
1550,UBR2,0.16976856,ENSG00000024048
1551,RUBCN,0.07639375,ENSG00000145016
1552,HEATR5A,0.071425974,ENSG00000129493
1553,CENPJ,0.010945143000000001,ENSG00000151849
1554,FBXL4,0.10619239999999999,ENSG00000112234
1555,ENPP3,0.17303512,ENSG00000154269
1556,MPZL3,0.14648463,ENSG00000160588
1557,SMU1,0.023457874,ENSG00000122692
1558,TRIM2,0.18941362,ENSG00000109654
1559,TUT7,0.11945017,ENSG00000083223
1560,TBC1D12,0.056249354,ENSG00000108239
1561,TMEM263,0.05927516,ENSG00000151135
1562,ZSWIM6,0.5043146,ENSG00000130449
1563,NIBAN1,0.010743559,ENSG00000135842
1564,BPHL,0.019994985,ENSG00000137274
1565,MCTP2,0.3581611,ENSG00000140563
1566,TENT4B,0.099551275,ENSG00000121274
1567,GRB10,0.19405907,ENSG00000106070
1568,TOLLIP,0.019841105,ENSG00000078902
1569,ZNF407,0.26231006,ENSG00000215421
1570,PMPCB,0.007076257,ENSG00000105819
1571,VPS45,0.04679213,ENSG00000136631
1572,ADIPOR1,0.029455192,ENSG00000159346
1573,LGALS9,0.008661594,ENSG00000168961
1574,MTHFD2L,0.014402212,ENSG00000163738
1575,NBEA,0.4608964,ENSG00000172915
1576,SENP2,0.12248172,ENSG00000163904
1577,EDN1,0.019227501,ENSG00000078401
1578,MLLT3,0.13788682,ENSG00000171843
1579,STMN1,0.045341622000000005,ENSG00000117632
1580,TMED7,0.009296529,ENSG00000134970
1581,DMXL2,0.10940859,ENSG00000104093
1582,PHLDB3,0.09151669,ENSG00000176531
1583,SEMA3C,0.11499315,ENSG00000075223
1584,SLC25A43,0.11495439999999998,ENSG00000077713
1585,EPB41L5,0.16531682,ENSG00000115109
1586,OTULIN,0.016968265,ENSG00000154124
1587,IARS2,0.6169281,ENSG00000067704
1588,GZMA,0.00047734169999999996,ENSG00000145649
1589,NOCT,0.13426003,ENSG00000151014
1590,CLCN5,0.07424489999999999,ENSG00000171365
1591,PHKB,0.13044006,ENSG00000102893
1592,TSTD3,0.017457418,ENSG00000279170
1593,ANAPC10,0.10554294,ENSG00000164162
1594,SLC7A1,0.11732707,ENSG00000139514
1595,VSIG10,0.08827367,ENSG00000176834
1596,LINC01504,0.08291579,ENSG00000225434
1597,SPAG16,0.031439528,ENSG00000144451
1598,RBM41,0.06398491,ENSG00000089682
1599,LIMK2,0.071995,ENSG00000182541
1600,SMC1A,0.014777956,ENSG00000072501
1601,PTAR1,0.040115483,ENSG00000188647
1602,KLHL42,0.01229845,ENSG00000087448
1603,HDGF,0.038628906,ENSG00000143321
1604,IPO7,0.038651403,ENSG00000205339
1605,LARP4,0.07525648,ENSG00000161813
1606,RHBDF2,0.017267163999999998,ENSG00000129667
1607,NMD3,0.033857524,ENSG00000169251
1608,PYGB,0.016443625,ENSG00000100994
1609,PIGF,0.08235674,ENSG00000151665
1610,CA1,0.32275403,ENSG00000133742
1611,NUP133,0.05795538,ENSG00000069248
1612,LINC00955,0.1324644,ENSG00000216560
1613,ST6GALNAC3,2.1607477999999998,ENSG00000184005
1614,EMC2,0.05867361,ENSG00000104412
1615,ADGRG7,0.27573526,ENSG00000144820
1616,YAP1,0.20663811,ENSG00000137693
1617,FARSB,0.018249597,ENSG00000116120
1618,MAP3K7,0.07546343,ENSG00000135341
1619,MB21D2,0.17840204,ENSG00000180611
1620,FOXK2,0.02475852,ENSG00000141568
1621,POLG2,0.024888467,ENSG00000256525
1622,EGR2,0.03557451,ENSG00000122877
1623,LIG3,0.00567906,ENSG00000005156
1624,CPVL,0.0019381360999999998,ENSG00000106066
1625,CDC16,0.026947562,ENSG00000130177
1626,MOCS1,0.047589034,ENSG00000124615
1627,C5AR1,0.018996416000000002,ENSG00000197405
1628,LONRF3,0.025466131,ENSG00000175556
1629,SLC25A44,0.024137072000000002,ENSG00000160785
1630,CCDC88C,0.08729719999999999,ENSG00000015133
1631,SCAF8,0.18525818,ENSG00000213079
1632,SPATA5L1,0.0073114684999999995,ENSG00000171763
1633,PEAK1,0.49817142,ENSG00000173517
1634,SF3B3,0.029873537000000002,ENSG00000189091
1635,SHTN1,0.07017976,ENSG00000187164
1636,CSNK1G3,0.13918322,ENSG00000151292
1637,PARG,0.087314695,ENSG00000227345
1638,SEC22A,0.032487098,ENSG00000121542
1639,ATE1,0.14079462,ENSG00000107669
1640,SIPA1L1,0.549199,ENSG00000197555
1641,HMCES,0.0019703975,ENSG00000183624
1642,ZMIZ1,0.11125313,ENSG00000108175
1643,METAP2,0.04918966,ENSG00000111142
1644,FBXO34,0.18923119,ENSG00000178974
1645,ZMYND11,0.058694675999999994,ENSG00000015171
1646,CORO2A,0.17867082,ENSG00000106789
1647,UPB1,0.030176192999999997,ENSG00000100024
1648,LAD1,0.005226739,ENSG00000159166
1649,CDKAL1,0.43107146,ENSG00000145996
1650,MYO5C,0.041923374,ENSG00000128833
1651,PARD3B,0.89401925,ENSG00000116117
1652,MED23,0.033348322,ENSG00000112282
1653,APH1B,0.0016520715,ENSG00000138613
1654,ZNF189,0.07489884,ENSG00000136870
1655,CASP2,0.010234795999999999,ENSG00000106144
1656,FAM117B,0.04932361,ENSG00000138439
1657,TMEM116,0.041150473,ENSG00000198270
1658,PDE3A,0.57965344,ENSG00000172572
1659,MIS18BP1,0.018284418,ENSG00000129534
1660,CORO1C,0.08923526,ENSG00000110880
1661,PLEKHA5,0.45065346,ENSG00000052126
1662,LINC01088,0.18323319,ENSG00000249307
1663,PTPN9,0.11625808,ENSG00000169410
1664,SCMH1,0.25841296,ENSG00000010803
1665,PDGFC,0.11134332,ENSG00000145431
1666,MROH7,0.06623753,ENSG00000184313
1667,SMIM2-AS1,0.033685964,ENSG00000227258
1668,TYW1B,0.18665199,ENSG00000277149
1669,FREM1,0.023423135,ENSG00000164946
1670,CEP290,0.05436080000000001,ENSG00000198707
1671,UBA6,0.14347388,ENSG00000033178
1672,HEATR5B,0.04535741,ENSG00000008869
1673,STEAP2,0.020570666,ENSG00000157214
1674,DEPDC1B,0.20137389,ENSG00000035499
1675,GMIP,0.023236519,ENSG00000089639
1676,SP140L,0.064825095,ENSG00000185404
1677,SAMD12,0.28693944,ENSG00000177570
1678,CYP2S1,0.01137937,ENSG00000167600
1679,ELP3,0.03737159,ENSG00000134014
1680,PLCH1,0.5015819,ENSG00000114805
1681,KLF7,0.05809449,ENSG00000118263
1682,NAA16,0.030461217999999998,ENSG00000172766
1683,DMBT1,0.06087858,ENSG00000187908
1684,UBA6-AS1,0.05497762,ENSG00000248049
1685,NEK6,0.10463215,ENSG00000119408
1686,ACKR3,0.115101315,ENSG00000144476
1687,GBE1,0.12336451,ENSG00000114480
1688,IFNLR1,0.09230535,ENSG00000185436
1689,SUPT3H,0.60015535,ENSG00000196284
1690,CATSPER2,0.12718225,ENSG00000166762
1691,CTTNBP2,0.19085047,ENSG00000077063
1692,SCGN,0.0010897713000000001,ENSG00000079689
1693,CCL20,0.006848376999999999,ENSG00000115009
1694,PLA2G12B,0.039139155,ENSG00000138308
1695,LRRC75A,0.03659169,ENSG00000181350
1696,ZCCHC2,0.07840779,ENSG00000141664
1697,LRIG2,0.07696032,ENSG00000198799
1698,SUSD1,0.07441325,ENSG00000106868
1699,SWAP70,0.060250465,ENSG00000133789
1700,SAP130,0.06998216,ENSG00000136715
1701,CHIC1,0.058612365,ENSG00000204116
1702,SASH1,0.0065772953,ENSG00000111961
1703,TBCEL,0.027571524,ENSG00000154114
1704,ZNF326,0.06347893,ENSG00000162664
1705,SRP72,0.019798458,ENSG00000174780
1706,TBC1D14,0.060482547000000005,ENSG00000132405
1707,ARAP1,0.021202897999999998,ENSG00000186635
1708,LINC00630,0.028063469,ENSG00000223546
1709,XRRA1,0.09848703,ENSG00000166435
1710,PTPRG,0.32201838,ENSG00000144724
1711,KCNQ4,0.019684685,ENSG00000117013
1712,AMPD1,0.00014715504999999999,ENSG00000116748
1713,LARP1B,0.047046024000000006,ENSG00000138709
1714,INTS14,0.023139516000000002,ENSG00000138614
1715,PIK3CA,0.093428336,ENSG00000121879
1716,PIGA,0.02240775,ENSG00000165195
1717,LIN52,0.12941165,ENSG00000205659
1718,ZNF704,0.14461122,ENSG00000164684
1719,NEK1,0.16530113,ENSG00000137601
1720,GPRIN3,0.22137693,ENSG00000185477
1721,LARGE1,0.87391144,ENSG00000133424
1722,SLC2A3,0.0012405616,ENSG00000059804
1723,COL27A1,0.0022145137,ENSG00000196739
1724,GRIN2A,0.30647972,ENSG00000183454
1725,FYB2,0.008657504,ENSG00000187889
1726,ITPKB,0.08786765,ENSG00000143772
1727,INPP4B,0.30816743,ENSG00000109452
1728,CRYBG3,0.020317474,ENSG00000080200
1729,SPECC1L,0.046674225,ENSG00000100014
1730,KCNJ3,0.5356844000000001,ENSG00000162989
1731,CTTNBP2NL,0.05308603,ENSG00000143079
1732,LINC00342,0.06661276,ENSG00000232931
1733,TET3,0.0728602,ENSG00000187605
1734,CCDC7,0.046438847000000005,ENSG00000216937
1735,ITGA3,0.04006309,ENSG00000005884
1736,METTL21A,0.0007693127,ENSG00000144401
1737,DHDDS,0.015090117,ENSG00000117682
1738,GMNN,0.0019172963,ENSG00000112312
1739,GABPA,0.014080035500000001,ENSG00000154727
1740,CTPS2,0.13926470000000002,ENSG00000047230
1741,UNK,0.048151627,ENSG00000132478
1742,TOX3,0.20465529999999998,ENSG00000103460
1743,NOTCH2,0.017726334,ENSG00000134250
1744,CD163,0.0028015509999999998,ENSG00000177575
1745,ADK,0.26208737,ENSG00000156110
1746,RAD51B,0.45198023,ENSG00000182185
1747,FNIP1,0.22191958,ENSG00000217128
1748,SLC16A5,0.10600254,ENSG00000170190
1749,HLF,0.030514667000000002,ENSG00000108924
1750,PALM,0.17308792,ENSG00000099864
1751,RAB3C,0.014583806000000001,ENSG00000152932
1752,FUBP3,0.036265202,ENSG00000107164
1753,MICU1,0.17231722,ENSG00000107745
1754,ZMAT1,0.02871862,ENSG00000166432
1755,KCTD20,0.06911315,ENSG00000112078
1756,ATP8B4,0.0541054,ENSG00000104043
1757,PYROXD1,0.05218724,ENSG00000121350
1758,ITGB3BP,0.06675936,ENSG00000142856
1759,SPI1,0.0060646994999999995,ENSG00000066336
1760,GEM,0.005054586,ENSG00000164949
1761,GMFB,0.008422834,ENSG00000197045
1762,ASPH,0.23243107,ENSG00000198363
1763,TGFBR2,0.10921194,ENSG00000163513
1764,LRCH3,0.09854289,ENSG00000186001
1765,FAM193A,0.16002487,ENSG00000125386
1766,CD163L1,0.0074849645999999995,ENSG00000177675
1767,CCZ1,0.021885049,ENSG00000122674
1768,SLX4IP,0.114889786,ENSG00000149346
1769,TBC1D32,0.16747552,ENSG00000146350
1770,ACVR1,0.08217234,ENSG00000115170
1771,TASP1,0.24815002,ENSG00000089123
1772,LARS2,0.024807846,ENSG00000011376
1773,NAA35,0.043056976,ENSG00000135040
1774,FRY,0.022601017999999997,ENSG00000073910
1775,FBH1,0.03722308,ENSG00000134452
1776,PEX5L,0.017243832,ENSG00000114757
1777,ADPGK,0.015891345,ENSG00000159322
1778,TIAM2,0.5024885,ENSG00000146426
1779,BARX2,0.27815276,ENSG00000043039
1780,SMAD9,0.005299109000000001,ENSG00000120693
1781,MEGF9,0.014121658,ENSG00000106780
1782,PPP1R13L,0.028864356,ENSG00000104881
1783,WHRN,0.09645699,ENSG00000095397
1784,NR3C2,1.0351969,ENSG00000151623
1785,ANKRD36,0.14527747,ENSG00000135976
1786,NUP160,0.032524075,ENSG00000030066
1787,TBC1D22B,0.05336994,ENSG00000065491
1788,ZC3H8,0.033725645,ENSG00000144161
1789,FSD1L,0.04921078,ENSG00000106701
1790,RPTOR,0.10798197,ENSG00000141564
1791,EFL1,0.15095025,ENSG00000140598
1792,PID1,0.08026919,ENSG00000153823
1793,EZH2,0.08132554,ENSG00000106462
1794,LYPD6,0.30166662,ENSG00000187123
1795,SGMS1,0.22752163,ENSG00000198964
1796,CDYL,0.22619905,ENSG00000153046
1797,MIR4435-2HG,0.08368439999999999,ENSG00000172965
1798,FRMD4A,0.12403134,ENSG00000151474
1799,CLCN3,0.10661814,ENSG00000109572
1800,NFIX,0.05670559,ENSG00000008441
1801,CPEB3,0.10194946,ENSG00000107864
1802,PLCB1,0.011211655,ENSG00000182621
1803,RAD54L2,0.07471224,ENSG00000164080
1804,CXCL8,0.007911000999999999,ENSG00000169429
1805,SENP5,0.18857202,ENSG00000119231
1806,TMEM132D,0.04236328,ENSG00000151952
1807,LINC01136,0.009500354499999999,ENSG00000233791
1808,ZNF250,0.06379564,ENSG00000196150
1809,DGKI,4.14887,ENSG00000157680
1810,DAPK1,0.16712086,ENSG00000196730
1811,LINC01220,0.017753113,ENSG00000259687
1812,RAP2C-AS1,0.06793809,ENSG00000232160
1813,USP6NL,0.16485019,ENSG00000148429
1814,SGO1-AS1,1.9995782,ENSG00000231304
1815,PRORP,0.08420117,ENSG00000100890
1816,FGF2,0.14202271,ENSG00000138685
1817,GALNT8,0.013642893,ENSG00000130035
1818,OSBPL6,0.04209403,ENSG00000079156
1819,EIF2B3,0.047318794000000004,ENSG00000070785
1820,NAALADL2,0.3719471,ENSG00000177694
1821,NTN4,0.0019724829999999997,ENSG00000074527
1822,KLRC1,0.009067477,ENSG00000134545
1823,SMOC2,0.048462267999999996,ENSG00000112562
1824,ARHGAP24,0.044505507,ENSG00000138639
1825,LAMC2,0.06631207,ENSG00000058085
1826,PPM1H,0.04486232,ENSG00000111110
1827,ARHGAP10,0.07404098,ENSG00000071205
1828,NUP107,0.024718551000000002,ENSG00000111581
1829,NRCAM,0.005437737,ENSG00000091129
1830,CSMD1,0.02928206,ENSG00000183117
1831,PLEKHA8,0.07858109,ENSG00000106086
1832,IGFBP7,0.013272276999999999,ENSG00000163453
1833,THBS1,0.011994245,ENSG00000137801
1834,SERPINI2,0.062020507,ENSG00000114204
1835,LINC01091,0.06736073,ENSG00000249464
1836,TMC7,0.038833003,ENSG00000170537
1837,NLRP3,0.037193045,ENSG00000162711
1838,ANKMY1,0.057362795,ENSG00000144504
1839,PDSS2,0.16430762,ENSG00000164494
1840,MSR1,0.0076122483999999995,ENSG00000038945
1841,MIR7-3HG,0.009712879,ENSG00000176840
1842,QSER1,0.049441785,ENSG00000060749
1843,CPB1,0.00348345,ENSG00000153002
1844,GNAO1,0.22409825,ENSG00000087258
1845,RFX6,0.010272573,ENSG00000185002
1846,XCL2,0.0024844685000000003,ENSG00000143185
1847,IKZF1,0.004921738,ENSG00000185811
1848,EPB41L2,0.13922608,ENSG00000079819
1849,DIRC3-AS1,0.06218684,ENSG00000233143
1850,FAM228B,0.057564045999999994,ENSG00000219626
1851,GAS7,0.12667602,ENSG00000007237
1852,NFASC,0.22228171,ENSG00000163531
1853,BASP1,0.0019698017,ENSG00000176788
1854,CADM2,0.097309016,ENSG00000175161
1855,IL1B,0.057496164,ENSG00000125538
1856,LMX1A,0.15229909,ENSG00000162761
1857,LGR5,0.01343148,ENSG00000139292
1858,SPARCL1,0.0042094598,ENSG00000152583
1859,TM4SF1,0.02416947,ENSG00000169908
1860,DCN,0.005992505699999999,ENSG00000011465
1861,FN1,0.068388745,ENSG00000115414
1862,LINC00907,0.48453107,ENSG00000267586
1863,FBN1,0.1361635,ENSG00000166147
1864,GNLY,0.008917592,ENSG00000115523
